date, time, uptime, sync, seq, vsense, vrefint, temp1, temp2, temp3, temp4, busvmon, busimon, 2v5mon, 3v3mon, 5vmon, n3v3mon, n5vmon, 15vmon, 5vrefmon, n200vmon, n800vmon, tmp1
00-01-01, 00:00:00.130300, 292327263, 0xCCCC, 0000, 3.30000, 2.22821, 24.18000, 24.18000, 24.25000, 24.12000, 2.36359, 0.01692, 2.50623, 3.30000, 3.00989, 3.20894, 3.25245, 3.05018, 3.00586, 0.00000, 0.00000, 17.42979
24-07-31, 13:25:20.140500, 292337469, 0xCCCC, 0001, 3.30000, 2.20242, 24.18000, 24.18000, 24.25000, 24.25000, 2.36198, 0.01773, 2.50623, 3.30000, 3.06147, 3.20249, 3.27905, 3.04938, 3.00344, 0.00000, 0.00000, 17.42979
24-07-31, 13:25:20.150200, 292347233, 0xCCCC, 0002, 3.30000, 2.30718, 24.18000, 24.18000, 24.43000, 24.25000, 2.35553, 0.02337, 2.50542, 3.30000, 3.03245, 3.19766, 3.26132, 3.04857, 3.00667, 0.00000, 0.00000, 17.25071
24-07-31, 13:25:20.160200, 292357232, 0xCCCC, 0003, 3.30000, 2.24674, 24.18000, 24.18000, 24.43000, 24.25000, 2.36520, 0.02095, 2.50703, 3.30000, 3.08564, 3.21458, 3.29275, 3.04938, 3.00586, 0.00000, 0.00000, 17.42979
24-07-31, 13:25:20.170300, 292367242, 0xCCCC, 0004, 3.30000, 2.18872, 24.18000, 24.18000, 24.43000, 24.25000, 2.35875, 0.02337, 2.50542, 3.30000, 3.05502, 3.21136, 3.30000, 3.05018, 3.00586, 0.00000, 0.00000, 17.25071
24-07-31, 13:25:20.180300, 292377269, 0xCCCC, 0005, 3.30000, 2.21853, 24.18000, 24.18000, 24.43000, 24.25000, 2.36762, 0.02095, 2.50703, 3.30000, 3.02440, 3.20168, 3.30000, 3.04454, 3.00586, 0.00000, 0.00000, 17.42979
24-07-31, 13:25:20.190500, 292387488, 0xCCCC, 0006, 3.30000, 2.18549, 24.18000, 24.18000, 24.43000, 24.25000, 2.36117, 0.02418, 2.50542, 3.30000, 3.07839, 3.19685, 3.24923, 3.04857, 3.00586, 0.00000, 0.00000, 17.42979
24-07-31, 13:25:20.200200, 292397225, 0xCCCC, 0007, 3.30000, 2.20000, 24.18000, 24.18000, 24.43000, 24.25000, 2.36601, 0.02659, 2.50703, 3.30000, 3.04857, 3.20491, 3.29597, 3.04857, 3.00586, 0.00000, 0.00000, 17.42979
24-07-31, 13:25:20.210200, 292407229, 0xCCCC, 0008, 3.30000, 2.17744, 24.18000, 24.18000, 24.43000, 24.25000, 2.35311, 0.02256, 2.50703, 3.30000, 3.01714, 3.19766, 3.26051, 3.05260, 3.00505, 0.00000, 0.00000, 16.89255
24-07-31, 13:25:20.220200, 292417229, 0xCCCC, 0009, 3.30000, 2.22256, 24.18000, 24.18000, 24.43000, 24.25000, 2.37407, 0.01531, 2.50703, 3.30000, 3.06791, 3.21538, 3.29114, 3.04938, 3.00747, 0.00000, 0.00000, 17.42979
24-07-31, 13:25:20.230300, 292427244, 0xCCCC, 0010, 3.30000, 2.18791, 24.25000, 24.18000, 24.43000, 24.25000, 2.36923, 0.02337, 2.50703, 3.30000, 3.03971, 3.20894, 3.25568, 3.04938, 3.00586, 0.00000, 0.00000, 17.07163
24-07-31, 13:25:20.240500, 292437463, 0xCCCC, 0011, 3.30000, 2.26366, 24.25000, 24.18000, 24.43000, 24.25000, 2.36359, 0.02015, 2.50623, 3.30000, 3.06147, 3.20249, 3.30000, 3.05018, 3.00667, 0.00000, 0.00000, 17.42979
24-07-31, 13:25:20.250200, 292447229, 0xCCCC, 0012, 3.30000, 2.23304, 24.25000, 24.18000, 24.43000, 24.25000, 2.37487, 0.02256, 2.50623, 3.30000, 3.02923, 3.19685, 3.26938, 3.05179, 3.00586, 0.00000, 0.00000, 17.42979
24-07-31, 13:25:20.260200, 292457229, 0xCCCC, 0013, 3.30000, 2.20806, 24.25000, 24.18000, 24.43000, 24.25000, 2.36762, 0.02337, 2.50623, 3.30000, 3.08645, 3.21538, 3.30000, 3.04938, 3.00667, 0.00000, 0.00000, 17.25071
24-07-31, 13:25:20.270200, 292467236, 0xCCCC, 0014, 3.30000, 2.25238, 24.25000, 24.18000, 24.43000, 24.25000, 2.36601, 0.01853, 2.50623, 3.30000, 3.05421, 3.20894, 3.26535, 3.05018, 3.00586, 0.00000, 0.00000, 17.25071
24-07-31, 13:25:20.280300, 292477251, 0xCCCC, 0015, 3.30000, 2.18630, 24.25000, 24.18000, 24.43000, 24.25000, 2.36037, 0.02256, 2.50623, 3.30000, 3.02520, 3.20088, 3.30000, 3.04777, 3.00586, 0.00000, 0.00000, 17.25071
24-07-31, 13:25:20.290500, 292487492, 0xCCCC, 0016, 3.30000, 2.24996, 24.25000, 24.18000, 24.43000, 24.25000, 2.35150, 0.01692, 2.50623, 3.30000, 3.07678, 3.19766, 3.27502, 3.04938, 3.00586, 0.00000, 0.00000, 17.42979
24-07-31, 13:25:20.300300, 292497244, 0xCCCC, 0017, 3.30000, 2.26366, 24.25000, 24.18000, 24.43000, 24.25000, 2.37004, 0.02256, 2.50623, 3.30000, 3.04696, 3.22505, 3.30000, 3.05018, 3.00586, 0.00000, 0.00000, 17.42979
24-07-31, 13:25:20.310200, 292507227, 0xCCCC, 0018, 3.30000, 2.25883, 24.25000, 24.18000, 24.43000, 24.25000, 2.35956, 0.02095, 2.51993, 3.30000, 3.01714, 3.20652, 3.27099, 3.04696, 3.00586, 0.00000, 0.00000, 17.07163
24-07-31, 13:25:20.320200, 292517225, 0xCCCC, 0019, 3.30000, 2.19839, 24.25000, 24.18000, 24.43000, 24.25000, 2.38374, 0.02176, 2.50623, 3.30000, 3.06872, 3.20088, 3.29436, 3.05582, 3.00667, 0.00081, 0.00000, 17.42979
24-07-31, 13:25:20.330300, 292527246, 0xCCCC, 0020, 3.30000, 2.25963, 24.25000, 24.18000, 24.43000, 24.25000, 2.37568, 0.02015, 2.50381, 3.30000, 3.03568, 3.22103, 3.28469, 3.04857, 3.02037, 0.00081, 0.00000, 17.60886
24-07-31, 13:25:20.340500, 292537484, 0xCCCC, 0021, 3.30000, 2.22901, 24.25000, 24.18000, 24.43000, 24.25000, 2.37487, 0.02256, 2.50542, 3.30000, 3.06308, 3.21216, 3.24681, 3.05179, 3.00586, 0.00000, 0.00000, 18.14610
24-07-31, 13:25:20.350200, 292547227, 0xCCCC, 0022, 3.30000, 2.18872, 24.25000, 24.18000, 24.43000, 24.25000, 2.37729, 0.02901, 2.50623, 3.30000, 3.05341, 3.22264, 3.27179, 3.04777, 3.00505, 0.00000, 0.00242, 17.07163
24-07-31, 13:25:20.360200, 292557225, 0xCCCC, 0023, 3.30000, 2.25963, 24.25000, 24.18000, 24.43000, 24.25000, 2.38293, 0.02176, 2.50864, 3.30000, 3.02440, 3.19846, 3.30000, 3.05179, 3.00747, 0.00000, 0.00000, 18.14610
24-07-31, 13:25:20.370200, 292567231, 0xCCCC, 0024, 3.30000, 2.20081, 24.25000, 24.18000, 24.43000, 24.25000, 2.36117, 0.02659, 2.50703, 3.30000, 3.07839, 3.21377, 3.26454, 3.04696, 3.00667, 0.00000, 0.00000, 17.96702
24-07-31, 13:25:20.380300, 292577250, 0xCCCC, 0025, 3.30000, 2.22740, 24.25000, 24.18000, 24.43000, 24.18000, 2.35956, 0.02498, 2.50381, 3.30000, 3.04938, 3.20571, 3.25004, 3.05179, 3.00344, 0.00161, 0.00000, 18.32518
24-07-31, 13:25:20.390500, 292587490, 0xCCCC, 0026, 3.30000, 2.19355, 24.25000, 24.18000, 24.43000, 24.18000, 2.36440, 0.02095, 2.50381, 3.30000, 3.01553, 3.20410, 3.27502, 3.04696, 3.00747, 0.00000, 0.00000, 16.71347
24-07-31, 13:25:20.400200, 292597237, 0xCCCC, 0027, 3.30000, 2.20322, 24.25000, 24.18000, 24.43000, 24.18000, 2.34828, 0.02418, 2.50945, 3.30000, 3.06711, 3.22667, 3.30000, 3.04777, 3.00667, 0.00000, 0.00000, 18.32518
24-07-31, 13:25:20.410200, 292607229, 0xCCCC, 0028, 3.30000, 2.18066, 24.25000, 24.18000, 24.43000, 24.18000, 2.35875, 0.02337, 2.51026, 3.30000, 3.04293, 3.20733, 3.28711, 3.05260, 3.00747, 0.00000, 0.00081, 16.71347
24-07-31, 13:25:20.420200, 292617229, 0xCCCC, 0029, 3.30000, 2.22982, 24.25000, 24.18000, 24.43000, 24.18000, 2.36762, 0.02256, 2.50703, 3.30000, 3.09451, 3.20491, 3.30000, 3.04938, 3.00747, 0.00000, 0.00000, 17.42979
24-07-31, 13:25:20.430300, 292627245, 0xCCCC, 0030, 3.30000, 2.19355, 24.25000, 24.18000, 24.43000, 24.18000, 2.36681, 0.02418, 2.51993, 3.30000, 3.05582, 3.21297, 3.27985, 3.04777, 3.00667, 0.00000, 0.00000, 16.71347
24-07-31, 13:25:20.440500, 292637445, 0xCCCC, 0031, 3.30000, 2.27253, 24.25000, 24.18000, 24.43000, 24.18000, 2.36278, 0.02659, 2.50623, 3.30000, 3.02762, 3.21619, 3.24601, 3.05099, 3.00586, 0.00000, 0.00000, 17.42979
24-07-31, 13:25:20.450200, 292647229, 0xCCCC, 0032, 3.30000, 2.24835, 24.25000, 24.18000, 24.43000, 24.18000, 2.36359, 0.08623, 2.50623, 3.30000, 3.08000, 3.20168, 3.29436, 3.05099, 3.00586, 0.00000, 0.00000, 17.25071
24-07-31, 13:25:20.460200, 292657229, 0xCCCC, 0033, 3.30000, 2.22015, 24.25000, 24.18000, 24.43000, 24.18000, 2.35311, 0.01773, 2.50623, 3.30000, 3.01875, 3.19846, 3.25971, 3.04857, 3.00586, 0.00000, 0.00000, 17.42979
24-07-31, 13:25:20.470200, 292667227, 0xCCCC, 0034, 3.30000, 2.26366, 24.25000, 24.18000, 24.43000, 24.18000, 2.37890, 0.01612, 2.50703, 3.30000, 3.02037, 3.23392, 3.29355, 3.05018, 3.00747, 0.00000, 0.00000, 17.42979
24-07-31, 13:25:20.480300, 292677240, 0xCCCC, 0035, 3.30000, 2.20161, 24.25000, 24.18000, 24.43000, 24.18000, 2.36762, 0.02579, 2.50542, 3.30000, 3.04132, 3.20733, 3.25326, 3.05421, 3.00586, 0.00000, 0.00000, 16.71347
24-07-31, 13:25:20.490500, 292687478, 0xCCCC, 0036, 3.30000, 2.26447, 24.25000, 24.18000, 24.43000, 24.18000, 2.36278, 0.01692, 2.50623, 3.30000, 3.01231, 3.20088, 3.29597, 3.04696, 3.01150, 0.00000, 0.00000, 17.42979
24-07-31, 13:25:20.500300, 292697240, 0xCCCC, 0037, 3.30000, 2.28059, 24.25000, 24.18000, 24.43000, 24.18000, 2.36601, 0.02095, 2.50623, 3.30000, 3.06388, 3.21780, 3.26374, 3.04938, 3.01150, 0.00000, 0.00000, 17.42979
24-07-31, 13:25:20.510300, 292707242, 0xCCCC, 0038, 3.30000, 2.28139, 24.25000, 24.18000, 24.43000, 24.18000, 2.37487, 0.01451, 2.50623, 3.30000, 3.03407, 3.23070, 3.29597, 3.05018, 3.00586, 0.00000, 0.00000, 17.42979
24-07-31, 13:25:20.520300, 292717240, 0xCCCC, 0039, 3.30000, 2.21612, 24.25000, 24.18000, 24.43000, 24.18000, 2.36278, 0.02015, 2.50703, 3.30000, 3.08725, 3.20652, 3.30000, 3.04535, 3.00586, 0.00000, 0.00000, 17.42979
24-07-31, 13:25:20.530300, 292727246, 0xCCCC, 0040, 3.30000, 2.30879, 24.25000, 24.18000, 24.43000, 24.18000, 2.36037, 0.02015, 2.50381, 3.30000, 3.05744, 3.19846, 3.30000, 3.05099, 3.00505, 0.00000, 0.00000, 17.25071
24-07-31, 13:25:20.540500, 292737471, 0xCCCC, 0041, 3.30000, 2.24916, 24.25000, 24.18000, 24.43000, 24.18000, 2.36520, 0.01773, 2.50623, 3.30000, 3.02842, 3.21861, 3.27341, 3.04938, 3.00586, 0.00000, 0.00000, 17.42979
24-07-31, 13:25:20.550200, 292747228, 0xCCCC, 0042, 3.30000, 2.22256, 24.25000, 24.18000, 24.43000, 24.18000, 2.36359, 0.02176, 2.50703, 3.30000, 3.08081, 3.21216, 3.29919, 3.04857, 3.00667, 0.00000, 0.00000, 17.42979
24-07-31, 13:25:20.560200, 292757225, 0xCCCC, 0043, 3.30000, 2.19436, 24.25000, 24.18000, 24.43000, 24.18000, 2.36923, 0.02095, 2.50703, 3.30000, 3.04857, 3.22022, 3.26535, 3.04777, 3.00586, 0.00000, 0.00000, 17.42979
24-07-31, 13:25:20.570200, 292767229, 0xCCCC, 0044, 3.30000, 2.24513, 24.25000, 24.18000, 24.43000, 24.18000, 2.36198, 0.01934, 2.50623, 3.30000, 3.02117, 3.20168, 3.29597, 3.04938, 3.00667, 0.00000, 0.00000, 17.25071
24-07-31, 13:25:20.580300, 292777244, 0xCCCC, 0045, 3.30000, 2.29106, 24.25000, 24.18000, 24.43000, 24.18000, 2.37971, 0.02015, 2.51026, 3.30000, 3.07033, 3.19604, 3.27582, 3.04938, 3.00505, 0.00000, 0.00000, 16.71347
24-07-31, 13:25:20.590500, 292787479, 0xCCCC, 0046, 3.30000, 2.24835, 24.25000, 24.18000, 24.43000, 24.18000, 2.36762, 0.02418, 2.50703, 3.30000, 3.04212, 3.21216, 3.30000, 3.04857, 3.00586, 0.00000, 0.00000, 17.42979
24-07-31, 13:25:20.600200, 292797236, 0xCCCC, 0047, 3.30000, 2.25883, 24.25000, 24.25000, 24.43000, 24.18000, 2.35875, 0.01853, 2.50703, 3.30000, 3.01311, 3.20571, 3.27421, 3.05421, 3.00667, 0.00000, 0.00000, 17.42979
24-07-31, 13:25:20.610300, 292807242, 0xCCCC, 0048, 3.30000, 2.24996, 24.25000, 24.25000, 24.43000, 24.18000, 2.36359, 0.02095, 2.50703, 3.30000, 3.06549, 3.19766, 3.30000, 3.05018, 3.00586, 0.00000, 0.00000, 17.42979
24-07-31, 13:25:20.620300, 292817241, 0xCCCC, 0049, 3.30000, 2.19114, 24.25000, 24.25000, 24.43000, 24.31000, 2.36681, 0.02095, 2.50784, 3.30000, 3.03487, 3.20733, 3.26696, 3.04615, 3.00505, 0.00000, 0.00000, 17.42979
24-07-31, 13:25:20.630300, 292827245, 0xCCCC, 0050, 3.30000, 2.26044, 24.25000, 24.25000, 24.43000, 24.31000, 2.36037, 0.02176, 2.50703, 3.30000, 3.00747, 3.21136, 3.30000, 3.04857, 3.00505, 0.00000, 0.00000, 17.42979
24-07-31, 13:25:20.640500, 292837454, 0xCCCC, 0051, 3.30000, 2.23707, 24.25000, 24.25000, 24.43000, 24.31000, 2.37407, 0.02015, 2.50703, 3.30000, 3.05824, 3.19524, 3.27905, 3.05018, 3.00586, 0.00000, 0.00000, 17.25071
24-07-31, 13:25:20.650200, 292847230, 0xCCCC, 0052, 3.30000, 2.20161, 24.25000, 24.25000, 24.43000, 24.31000, 2.36681, 0.01692, 2.50703, 3.30000, 3.02762, 3.21377, 3.24520, 3.04777, 3.00586, 0.00000, 0.00000, 17.42979
24-07-31, 13:25:20.660200, 292857229, 0xCCCC, 0053, 3.30000, 2.23546, 24.25000, 24.25000, 24.43000, 24.31000, 2.36359, 0.02015, 2.50623, 3.30000, 3.08161, 3.20652, 3.28872, 3.04857, 3.00989, 0.00000, 0.00000, 17.42979
24-07-31, 13:25:20.670200, 292867227, 0xCCCC, 0054, 3.30000, 2.22337, 24.25000, 24.25000, 24.43000, 24.31000, 2.36359, 0.02256, 2.50703, 3.30000, 3.05260, 3.20249, 3.30000, 3.04857, 3.00586, 0.00000, 0.00000, 17.96702
24-07-31, 13:25:20.680300, 292877240, 0xCCCC, 0055, 3.30000, 2.26366, 24.25000, 24.25000, 24.43000, 24.31000, 2.37487, 0.02176, 2.50703, 3.30000, 3.07436, 3.22103, 3.28630, 3.04857, 3.00505, 0.00000, 0.00000, 17.42979
24-07-31, 13:25:20.690500, 292887485, 0xCCCC, 0056, 3.30000, 2.22015, 24.25000, 24.25000, 24.43000, 24.31000, 2.36359, 0.01934, 2.50703, 3.30000, 3.04535, 3.21136, 3.25245, 3.05018, 3.00505, 0.00000, 0.00000, 17.42979
24-07-31, 13:25:20.700200, 292897229, 0xCCCC, 0057, 3.30000, 2.23788, 24.25000, 24.25000, 24.43000, 24.31000, 2.37245, 0.02418, 2.50703, 3.30000, 3.01553, 3.20652, 3.30000, 3.04938, 3.00586, 0.00000, 0.00000, 17.42979
24-07-31, 13:25:20.710200, 292907236, 0xCCCC, 0058, 3.30000, 2.23465, 24.18000, 24.25000, 24.43000, 24.31000, 2.36117, 0.02337, 2.50703, 3.30000, 3.06791, 3.20007, 3.24762, 3.04938, 3.00586, 0.00000, 0.00000, 17.25071
24-07-31, 13:25:20.720300, 292917233, 0xCCCC, 0059, 3.30000, 2.17341, 24.18000, 24.25000, 24.43000, 24.31000, 2.37729, 0.02095, 2.50703, 3.30000, 3.03890, 3.23070, 3.28227, 3.04938, 3.00747, 0.00000, 0.00000, 17.25071
24-07-31, 13:25:20.730300, 292927260, 0xCCCC, 0060, 3.30000, 2.24190, 24.18000, 24.25000, 24.43000, 24.31000, 2.36601, 0.02095, 2.50703, 3.30000, 3.00989, 3.20974, 3.26051, 3.04938, 3.00586, 0.00000, 0.00000, 17.42979
24-07-31, 13:25:20.740500, 292937472, 0xCCCC, 0061, 3.30000, 2.21531, 24.18000, 24.25000, 24.43000, 24.31000, 2.36681, 0.01773, 2.50703, 3.30000, 3.06066, 3.20410, 3.30000, 3.04938, 3.00505, 0.00000, 0.00000, 17.42979
24-07-31, 13:25:20.750200, 292947228, 0xCCCC, 0062, 3.30000, 2.18711, 24.18000, 24.25000, 24.43000, 24.31000, 2.36198, 0.01934, 2.50703, 3.30000, 3.03084, 3.20249, 3.25245, 3.04857, 3.00586, 0.00000, 0.00000, 17.42979
24-07-31, 13:25:20.760200, 292957226, 0xCCCC, 0063, 3.30000, 2.26527, 24.18000, 24.25000, 24.43000, 24.31000, 2.39179, 0.02176, 2.50784, 3.30000, 3.08403, 3.21700, 3.29919, 3.04857, 3.00586, 0.00000, 0.00000, 17.42979
24-07-31, 13:25:20.770200, 292967230, 0xCCCC, 0064, 3.30000, 2.21289, 24.18000, 24.25000, 24.43000, 24.31000, 2.39341, 0.01934, 2.50784, 3.30000, 3.05341, 3.20974, 3.24762, 3.05018, 3.00667, 0.00000, 0.00000, 17.42979
24-07-31, 13:25:20.780300, 292977244, 0xCCCC, 0065, 3.30000, 2.24271, 24.18000, 24.25000, 24.43000, 24.31000, 2.36923, 0.02176, 2.50703, 3.30000, 3.02440, 3.20652, 3.30000, 3.04938, 3.00586, 0.00000, 0.00000, 17.42979
24-07-31, 13:25:20.790500, 292987482, 0xCCCC, 0066, 3.30000, 2.21692, 24.18000, 24.25000, 24.43000, 24.31000, 2.39985, 0.01853, 2.50784, 3.30000, 3.07597, 3.19604, 3.25890, 3.04938, 3.00586, 0.00000, 0.00000, 18.14610
24-07-31, 13:25:20.800200, 292997227, 0xCCCC, 0067, 3.30000, 2.22901, 24.18000, 24.25000, 24.43000, 24.31000, 2.40388, 0.02740, 2.50703, 3.30000, 3.04615, 3.21700, 3.30000, 3.04777, 3.00586, 0.00000, 0.00000, 17.25071
24-07-31, 13:25:20.810200, 293007232, 0xCCCC, 0068, 3.30000, 2.20886, 24.18000, 24.25000, 24.43000, 24.31000, 2.36440, 0.02176, 2.51106, 3.30000, 3.01553, 3.20652, 3.27099, 3.04938, 3.00505, 0.00081, 0.00242, 16.89255
24-07-31, 13:25:20.820200, 293017238, 0xCCCC, 0069, 3.30000, 2.25560, 24.18000, 24.25000, 24.43000, 24.31000, 2.36198, 0.02337, 2.50864, 3.30000, 3.06630, 3.19927, 3.29839, 3.04777, 3.00344, 0.00081, 0.00000, 18.14610
24-07-31, 13:25:20.830300, 293027256, 0xCCCC, 0070, 3.30000, 2.21289, 24.18000, 24.25000, 24.43000, 24.31000, 2.36278, 0.02498, 2.50462, 3.30000, 3.03890, 3.21619, 3.26454, 3.04857, 3.00667, 0.00000, 0.00161, 18.14610
24-07-31, 13:25:20.840500, 293037461, 0xCCCC, 0071, 3.30000, 2.18308, 24.18000, 24.25000, 24.43000, 24.31000, 2.36278, 0.02579, 2.50462, 3.30000, 3.09451, 3.21538, 3.30000, 3.05341, 3.00505, 0.00081, 0.00000, 16.89255
24-07-31, 13:25:20.850200, 293047230, 0xCCCC, 0072, 3.30000, 2.24674, 24.18000, 24.25000, 24.43000, 24.31000, 2.35392, 0.02256, 2.50462, 3.30000, 3.05341, 3.19927, 3.27663, 3.04696, 3.00667, 0.00081, 0.00000, 17.78794
24-07-31, 13:25:20.860200, 293057229, 0xCCCC, 0073, 3.30000, 2.21934, 24.18000, 24.25000, 24.43000, 24.18000, 2.36198, 0.02095, 2.50703, 3.30000, 3.02198, 3.21297, 3.30000, 3.05260, 3.00828, 0.00000, 0.00242, 18.14610
24-07-31, 13:25:20.870200, 293067228, 0xCCCC, 0074, 3.30000, 2.25560, 24.18000, 24.25000, 24.43000, 24.18000, 2.36923, 0.02015, 2.50945, 3.30000, 3.07758, 3.21619, 3.26938, 3.04777, 3.00747, 0.00000, 0.00242, 17.60886
24-07-31, 13:25:20.880300, 293077241, 0xCCCC, 0075, 3.30000, 2.18388, 24.18000, 24.25000, 24.43000, 24.18000, 2.35634, 0.02176, 2.50864, 3.30000, 3.04293, 3.20088, 3.30000, 3.05582, 3.00344, 0.00000, 0.00081, 17.60886
24-07-31, 13:25:20.890500, 293087513, 0xCCCC, 0076, 3.30000, 2.24110, 24.18000, 24.25000, 24.43000, 24.18000, 2.37568, 0.02418, 2.50784, 3.30000, 3.00989, 3.21780, 3.28147, 3.05018, 3.01231, 0.00000, 0.00161, 16.53439
24-07-31, 13:25:20.900200, 293097229, 0xCCCC, 0077, 3.30000, 2.25158, 24.18000, 24.25000, 24.43000, 24.18000, 2.37810, 0.00000, 2.50462, 3.30000, 3.03245, 3.20894, 3.24681, 3.05018, 3.00425, 0.00242, 0.00000, 16.89255
24-07-31, 13:25:20.910200, 293107228, 0xCCCC, 0078, 3.30000, 2.25077, 24.18000, 24.25000, 24.43000, 24.18000, 2.37004, 0.02337, 2.50703, 3.30000, 3.08886, 3.20330, 3.27341, 3.05018, 3.00667, 0.00000, 0.00000, 17.42979
24-07-31, 13:25:20.920200, 293117226, 0xCCCC, 0079, 3.30000, 2.18469, 24.18000, 24.25000, 24.43000, 24.18000, 2.35473, 0.02176, 2.50623, 3.30000, 3.05502, 3.19846, 3.30000, 3.04938, 3.00586, 0.00000, 0.00000, 17.25071
24-07-31, 13:25:20.930300, 293127253, 0xCCCC, 0080, 3.30000, 2.25077, 24.18000, 24.25000, 24.43000, 24.18000, 2.36762, 0.02337, 2.50784, 3.30000, 3.02520, 3.21619, 3.28711, 3.04535, 3.00667, 0.00000, 0.00000, 17.42979
24-07-31, 13:25:20.940500, 293137473, 0xCCCC, 0081, 3.30000, 2.22337, 24.18000, 24.25000, 24.43000, 24.18000, 2.36842, 0.02498, 2.50623, 3.30000, 3.07919, 3.20974, 3.25245, 3.04857, 3.00586, 0.00000, 0.00000, 17.42979
24-07-31, 13:25:20.950300, 293147243, 0xCCCC, 0082, 3.30000, 2.19597, 24.18000, 24.25000, 24.43000, 24.18000, 2.36681, 0.02176, 2.50784, 3.30000, 3.04696, 3.20410, 3.27824, 3.04938, 3.00586, 0.00000, 0.00000, 17.42979
24-07-31, 13:25:20.960300, 293157242, 0xCCCC, 0083, 3.30000, 2.27897, 24.18000, 24.25000, 24.43000, 24.18000, 2.37890, 0.02176, 2.50542, 3.30000, 3.01875, 3.19685, 3.25407, 3.05421, 3.00586, 0.00000, 0.00000, 17.25071
24-07-31, 13:25:20.970200, 293167230, 0xCCCC, 0084, 3.30000, 2.21289, 24.18000, 24.25000, 24.43000, 24.18000, 2.37407, 0.01451, 2.50784, 3.30000, 3.07114, 3.21538, 3.27260, 3.05018, 3.00586, 0.00000, 0.00000, 17.25071
24-07-31, 13:25:20.980300, 293177244, 0xCCCC, 0085, 3.30000, 2.24190, 24.18000, 24.25000, 24.43000, 24.18000, 2.39099, 0.01934, 2.50703, 3.30000, 3.04051, 3.20894, 3.25890, 3.05099, 3.00667, 0.00000, 0.00000, 17.42979
24-07-31, 13:25:20.990500, 293187494, 0xCCCC, 0086, 3.30000, 2.21773, 24.18000, 24.25000, 24.43000, 24.18000, 2.39421, 0.02095, 2.50703, 3.30000, 3.01231, 3.20330, 3.28549, 3.04938, 3.00586, 0.00000, 0.00000, 16.53439
24-07-31, 13:25:21.000200, 293197227, 0xCCCC, 0087, 3.30000, 2.22982, 24.18000, 24.25000, 24.43000, 24.18000, 2.37648, 0.01773, 2.50703, 3.30000, 3.06388, 3.19685, 3.25245, 3.05099, 3.00586, 0.00000, 0.00000, 17.60886
24-07-31, 13:25:21.010200, 293207228, 0xCCCC, 0088, 3.30000, 2.21048, 24.18000, 24.25000, 24.43000, 24.18000, 2.37407, 0.02337, 2.50703, 3.30000, 3.03407, 3.21538, 3.29758, 3.04857, 3.00586, 0.00000, 0.00000, 17.42979
24-07-31, 13:25:21.020200, 293217229, 0xCCCC, 0089, 3.30000, 2.25802, 24.18000, 24.25000, 24.43000, 24.18000, 2.36198, 0.02337, 2.50784, 3.30000, 3.08322, 3.20813, 3.24762, 3.04857, 3.00586, 0.00000, 0.00000, 17.42979
24-07-31, 13:25:21.030300, 293227249, 0xCCCC, 0090, 3.30000, 2.22418, 24.18000, 24.25000, 24.43000, 24.18000, 2.38857, 0.02176, 2.50784, 3.30000, 3.05663, 3.20330, 3.29194, 3.04938, 3.00667, 0.00000, 0.00000, 17.42979
24-07-31, 13:25:21.040500, 293237458, 0xCCCC, 0091, 3.30000, 2.19678, 24.18000, 24.25000, 24.43000, 24.18000, 2.39260, 0.01451, 2.50623, 3.30000, 3.02440, 3.18879, 3.25729, 3.04857, 3.00586, 0.00000, 0.00000, 17.42979
24-07-31, 13:25:21.050300, 293247241, 0xCCCC, 0092, 3.30000, 2.29026, 24.18000, 24.25000, 24.43000, 24.18000, 2.37326, 0.02418, 2.50703, 3.30000, 3.08081, 3.21700, 3.30000, 3.04696, 3.00908, 0.00000, 0.00000, 17.42979
24-07-31, 13:25:21.060300, 293257240, 0xCCCC, 0093, 3.30000, 2.24432, 24.18000, 24.25000, 24.43000, 24.18000, 2.36278, 0.02256, 2.50784, 3.30000, 3.05099, 3.20974, 3.27260, 3.05018, 3.00667, 0.00000, 0.00000, 17.42979
24-07-31, 13:25:21.070200, 293267228, 0xCCCC, 0094, 3.30000, 2.18630, 24.18000, 24.25000, 24.43000, 24.18000, 2.37326, 0.02498, 2.50623, 3.30000, 3.01714, 3.20974, 3.29839, 3.04938, 3.00586, 0.00000, 0.00000, 17.42979
24-07-31, 13:25:21.080300, 293277241, 0xCCCC, 0095, 3.30000, 2.22659, 24.18000, 24.25000, 24.43000, 24.18000, 2.37004, 0.01853, 2.50784, 3.30000, 3.07355, 3.21458, 3.26454, 3.05260, 3.00667, 0.00000, 0.00000, 17.42979
24-07-31, 13:25:21.090500, 293287493, 0xCCCC, 0096, 3.30000, 2.18147, 24.18000, 24.25000, 24.43000, 24.18000, 2.36440, 0.02256, 2.52154, 3.30000, 3.04374, 3.20571, 3.30000, 3.04938, 3.00505, 0.00000, 0.00000, 17.42979
24-07-31, 13:25:21.100200, 293297228, 0xCCCC, 0097, 3.30000, 2.19919, 24.18000, 24.25000, 24.43000, 24.31000, 2.36198, 0.01370, 2.50784, 3.30000, 3.01875, 3.20007, 3.27663, 3.04938, 3.00667, 0.00000, 0.00000, 17.25071
24-07-31, 13:25:21.110200, 293307228, 0xCCCC, 0098, 3.30000, 2.19597, 24.18000, 24.25000, 24.43000, 24.31000, 2.37004, 0.01934, 2.50462, 3.30000, 3.06549, 3.21700, 3.30000, 3.04777, 3.00586, 0.00000, 0.00000, 17.42979
24-07-31, 13:25:21.120200, 293317226, 0xCCCC, 0099, 3.30000, 2.24352, 24.18000, 24.25000, 24.43000, 24.31000, 2.36440, 0.01934, 2.50703, 3.30000, 3.03487, 3.21216, 3.25568, 3.04857, 3.00586, 0.00000, 0.00000, 17.42979
24-07-31, 13:25:21.130300, 293327246, 0xCCCC, 0100, 3.30000, 2.20242, 24.18000, 24.25000, 24.43000, 24.31000, 2.37326, 0.02176, 2.49978, 3.30000, 3.05663, 3.20571, 3.30000, 3.04938, 3.00586, 0.00000, 0.00000, 17.25071
24-07-31, 13:25:21.140500, 293337453, 0xCCCC, 0101, 3.30000, 2.17985, 24.18000, 24.25000, 24.43000, 24.31000, 2.36762, 0.01289, 2.50703, 3.30000, 3.02520, 3.20813, 3.26777, 3.04857, 3.00667, 0.00000, 0.00000, 17.42979
24-07-31, 13:25:21.150300, 293347246, 0xCCCC, 0102, 3.30000, 2.25399, 24.18000, 24.25000, 24.43000, 24.31000, 2.36842, 0.02256, 2.50784, 3.30000, 3.07839, 3.21619, 3.30000, 3.05018, 3.00586, 0.00000, 0.00000, 17.25071
24-07-31, 13:25:21.160300, 293357242, 0xCCCC, 0103, 3.30000, 2.22256, 24.18000, 24.25000, 24.43000, 24.31000, 2.36601, 0.02176, 2.50784, 3.30000, 3.04696, 3.21216, 3.27905, 3.05018, 3.00667, 0.00000, 0.00000, 17.42979
24-07-31, 13:25:21.170300, 293367245, 0xCCCC, 0104, 3.30000, 2.26608, 24.18000, 24.25000, 24.43000, 24.31000, 2.37487, 0.02659, 2.50784, 3.30000, 3.02681, 3.20652, 3.30000, 3.04938, 3.00586, 0.00000, 0.00000, 17.42979
24-07-31, 13:25:21.180300, 293377273, 0xCCCC, 0105, 3.30000, 2.18952, 24.18000, 24.25000, 24.43000, 24.31000, 2.35875, 0.01934, 2.50703, 3.30000, 3.06872, 3.19846, 3.29114, 3.05018, 3.00586, 0.00000, 0.00000, 17.42979
24-07-31, 13:25:21.190500, 293387496, 0xCCCC, 0106, 3.30000, 2.26769, 24.18000, 24.25000, 24.43000, 24.31000, 2.36842, 0.02015, 2.50784, 3.30000, 3.03971, 3.20652, 3.30000, 3.04857, 3.00586, 0.00000, 0.00000, 17.25071
24-07-31, 13:25:21.200200, 293397227, 0xCCCC, 0107, 3.30000, 2.18066, 24.18000, 24.25000, 24.43000, 24.31000, 2.36037, 0.01934, 2.50784, 3.30000, 3.00989, 3.21055, 3.28388, 3.04857, 3.00505, 0.00000, 0.00000, 17.42979
24-07-31, 13:25:21.210200, 293407229, 0xCCCC, 0108, 3.30000, 2.26930, 24.18000, 24.25000, 24.43000, 24.31000, 2.38615, 0.02015, 2.50784, 3.30000, 3.06549, 3.20249, 3.24923, 3.04938, 3.00586, 0.00000, 0.00000, 17.42979
24-07-31, 13:25:21.220200, 293417229, 0xCCCC, 0109, 3.30000, 2.20886, 24.18000, 24.25000, 24.43000, 24.31000, 2.38212, 0.02418, 2.50784, 3.30000, 3.03245, 3.19685, 3.28066, 3.04857, 3.00586, 0.00000, 0.00000, 17.42979
24-07-31, 13:25:21.230300, 293427245, 0xCCCC, 0110, 3.30000, 2.31040, 24.18000, 24.25000, 24.43000, 24.31000, 2.36520, 0.02176, 2.50542, 3.30000, 3.08403, 3.21458, 3.26615, 3.05502, 3.00586, 0.00000, 0.00000, 17.25071
24-07-31, 13:25:21.240500, 293437446, 0xCCCC, 0111, 3.30000, 2.25238, 24.18000, 24.25000, 24.43000, 24.31000, 2.37004, 0.02579, 2.50703, 3.30000, 3.05341, 3.20974, 3.29516, 3.04938, 3.00586, 0.00000, 0.00000, 17.42979
24-07-31, 13:25:21.250200, 293447232, 0xCCCC, 0112, 3.30000, 2.21612, 24.18000, 24.25000, 24.43000, 24.31000, 2.36278, 0.02095, 2.50784, 3.30000, 3.02359, 3.20330, 3.25971, 3.04938, 3.00586, 0.00000, 0.00000, 17.42979
24-07-31, 13:25:21.260300, 293457239, 0xCCCC, 0113, 3.30000, 2.18388, 24.18000, 24.25000, 24.43000, 24.31000, 2.35473, 0.01934, 2.51912, 3.30000, 3.08645, 3.19766, 3.30000, 3.05018, 3.00586, 0.00000, 0.00000, 17.42979
24-07-31, 13:25:21.270200, 293467238, 0xCCCC, 0114, 3.30000, 2.23062, 24.18000, 24.25000, 24.43000, 24.31000, 2.37004, 0.02256, 2.50703, 3.30000, 3.04615, 3.21458, 3.25568, 3.04938, 3.00586, 0.00000, 0.00000, 17.42979
24-07-31, 13:25:21.280300, 293477252, 0xCCCC, 0115, 3.30000, 2.27172, 24.18000, 24.25000, 24.43000, 24.31000, 2.35634, 0.02498, 2.50784, 3.30000, 3.01634, 3.20813, 3.30000, 3.04857, 3.00586, 0.00000, 0.00000, 17.25071
24-07-31, 13:25:21.290500, 293487493, 0xCCCC, 0116, 3.30000, 2.22740, 24.18000, 24.25000, 24.43000, 24.31000, 2.37165, 0.02256, 2.50784, 3.30000, 3.06952, 3.21619, 3.26777, 3.05018, 3.00908, 0.00000, 0.00000, 17.25071
24-07-31, 13:25:21.300200, 293497229, 0xCCCC, 0117, 3.30000, 2.23868, 24.18000, 24.25000, 24.43000, 24.31000, 2.37487, 0.02095, 2.50784, 3.30000, 3.03971, 3.20974, 3.30000, 3.04777, 3.01070, 0.00000, 0.00000, 17.42979
24-07-31, 13:25:21.310200, 293507228, 0xCCCC, 0118, 3.30000, 2.23546, 24.18000, 24.25000, 24.43000, 24.31000, 2.36520, 0.02418, 2.50703, 3.30000, 3.00989, 3.20410, 3.26051, 3.04938, 3.00747, 0.00000, 0.00000, 16.71347
24-07-31, 13:25:21.320200, 293517226, 0xCCCC, 0119, 3.30000, 2.29106, 24.18000, 24.25000, 24.43000, 24.31000, 2.37487, 0.01934, 2.50945, 3.30000, 3.06227, 3.19524, 3.30000, 3.04615, 3.01231, 0.00000, 0.00000, 17.07163
24-07-31, 13:25:21.330300, 293527246, 0xCCCC, 0120, 3.30000, 2.22498, 24.18000, 24.18000, 24.43000, 24.31000, 2.37326, 0.02176, 2.50945, 3.30000, 3.08161, 3.21619, 3.27582, 3.05018, 3.00505, 0.00000, 0.00000, 16.53439
24-07-31, 13:25:21.340500, 293537469, 0xCCCC, 0121, 3.30000, 2.19033, 24.18000, 24.18000, 24.43000, 24.18000, 2.36278, 0.02498, 2.50623, 3.30000, 3.05341, 3.20652, 3.30000, 3.05502, 3.00425, 0.00242, 0.00081, 17.07163
24-07-31, 13:25:21.350200, 293547228, 0xCCCC, 0122, 3.30000, 2.26125, 24.18000, 24.18000, 24.43000, 24.18000, 2.38051, 0.02095, 2.50945, 3.30000, 3.01795, 3.19685, 3.26615, 3.05018, 3.00425, 0.00000, 0.00081, 16.89255
24-07-31, 13:25:21.360200, 293557227, 0xCCCC, 0123, 3.30000, 2.23223, 24.18000, 24.18000, 24.43000, 24.18000, 2.38212, 0.02256, 2.51026, 3.30000, 3.06791, 3.21941, 3.30000, 3.05260, 3.00586, 0.00242, 0.00242, 16.71347
24-07-31, 13:25:21.370200, 293567237, 0xCCCC, 0124, 3.30000, 2.26930, 24.18000, 24.18000, 24.43000, 24.18000, 2.37568, 0.01692, 2.50462, 3.30000, 3.03810, 3.22586, 3.26374, 3.04696, 3.00747, 0.00000, 0.00000, 18.14610
24-07-31, 13:25:21.380300, 293577257, 0xCCCC, 0125, 3.30000, 2.18791, 24.18000, 24.18000, 24.43000, 24.18000, 2.36520, 0.02015, 2.50623, 3.30000, 3.00747, 3.20330, 3.30000, 3.05099, 3.00828, 0.00161, 0.00000, 17.07163
24-07-31, 13:25:21.390500, 293587494, 0xCCCC, 0126, 3.30000, 2.26527, 24.18000, 24.18000, 24.43000, 24.18000, 2.36681, 0.02176, 2.50542, 3.30000, 3.05663, 3.20491, 3.27099, 3.04777, 3.00828, 0.00000, 0.00081, 17.25071
24-07-31, 13:25:21.400300, 293597242, 0xCCCC, 0127, 3.30000, 2.26286, 24.18000, 24.18000, 24.43000, 24.18000, 2.36762, 0.02498, 2.50703, 3.30000, 3.03084, 3.20571, 3.30000, 3.04535, 3.00667, 0.00242, 0.00000, 18.14610
24-07-31, 13:25:21.410200, 293607230, 0xCCCC, 0128, 3.30000, 2.24996, 24.18000, 24.18000, 24.43000, 24.18000, 2.37245, 0.02015, 2.50542, 3.30000, 3.08081, 3.20652, 3.28227, 3.04938, 3.00586, 0.00000, 0.00000, 16.71347
24-07-31, 13:25:21.420200, 293617229, 0xCCCC, 0129, 3.30000, 2.18630, 24.18000, 24.18000, 24.43000, 24.18000, 2.38535, 0.02176, 2.50703, 3.30000, 3.05018, 3.20249, 3.30000, 3.04777, 3.00908, 0.00000, 0.00000, 17.42979
24-07-31, 13:25:21.430300, 293627244, 0xCCCC, 0130, 3.30000, 2.25722, 24.18000, 24.18000, 24.43000, 24.18000, 2.39582, 0.02256, 2.50703, 3.30000, 3.02037, 3.19685, 3.27744, 3.05018, 3.00586, 0.00000, 0.00000, 17.60886
24-07-31, 13:25:21.440500, 293637455, 0xCCCC, 0131, 3.30000, 2.22821, 24.25000, 24.18000, 24.43000, 24.18000, 2.39421, 0.02015, 2.50864, 3.30000, 3.07194, 3.21297, 3.30000, 3.04696, 3.00586, 0.00000, 0.00000, 17.96702
24-07-31, 13:25:21.450200, 293647229, 0xCCCC, 0132, 3.30000, 2.19194, 24.25000, 24.18000, 24.43000, 24.18000, 2.36842, 0.01934, 2.50703, 3.30000, 3.04212, 3.20813, 3.28791, 3.04857, 3.01070, 0.00000, 0.00000, 17.42979
24-07-31, 13:25:21.460200, 293657229, 0xCCCC, 0133, 3.30000, 2.26930, 24.25000, 24.18000, 24.43000, 24.18000, 2.38696, 0.02015, 2.50784, 3.30000, 3.01311, 3.20168, 3.26374, 3.05018, 3.00586, 0.00000, 0.00000, 17.25071
24-07-31, 13:25:21.470200, 293667233, 0xCCCC, 0134, 3.30000, 2.20967, 24.25000, 24.18000, 24.43000, 24.18000, 2.38212, 0.02015, 2.50784, 3.30000, 3.06388, 3.19524, 3.28308, 3.04938, 3.00586, 0.00000, 0.00000, 17.42979
24-07-31, 13:25:21.480300, 293677252, 0xCCCC, 0135, 3.30000, 2.24996, 24.25000, 24.18000, 24.43000, 24.18000, 2.36923, 0.01612, 2.50703, 3.30000, 3.03487, 3.21216, 3.25084, 3.04938, 3.00989, 0.00000, 0.00000, 17.42979
24-07-31, 13:25:21.490500, 293687492, 0xCCCC, 0136, 3.30000, 2.20806, 24.25000, 24.18000, 24.43000, 24.18000, 2.36440, 0.02015, 2.50703, 3.30000, 3.09289, 3.20652, 3.29597, 3.04857, 3.00505, 0.00000, 0.00000, 17.25071
24-07-31, 13:25:21.500300, 293697241, 0xCCCC, 0137, 3.30000, 2.22015, 24.25000, 24.18000, 24.43000, 24.18000, 2.37084, 0.01934, 2.50784, 3.30000, 3.05663, 3.19927, 3.26212, 3.04857, 3.00505, 0.00000, 0.00000, 17.42979
24-07-31, 13:25:21.510200, 293707227, 0xCCCC, 0138, 3.30000, 2.21853, 24.25000, 24.18000, 24.43000, 24.18000, 2.36359, 0.02418, 2.50784, 3.30000, 3.02762, 3.20652, 3.28952, 3.04857, 3.00586, 0.00000, 0.00000, 17.42979
24-07-31, 13:25:21.520200, 293717226, 0xCCCC, 0139, 3.30000, 2.26286, 24.25000, 24.18000, 24.43000, 24.18000, 2.36117, 0.02256, 2.50784, 3.30000, 3.08000, 3.21136, 3.30000, 3.04938, 3.00505, 0.00000, 0.00000, 17.42979
24-07-31, 13:25:21.530300, 293727246, 0xCCCC, 0140, 3.30000, 2.21853, 24.25000, 24.18000, 24.43000, 24.18000, 2.37890, 0.01934, 2.50784, 3.30000, 3.05018, 3.19604, 3.30000, 3.05018, 3.00586, 0.00000, 0.00000, 17.42979
24-07-31, 13:25:21.540500, 293737454, 0xCCCC, 0141, 3.30000, 2.18791, 24.25000, 24.18000, 24.43000, 24.18000, 2.37165, 0.01934, 2.50864, 3.30000, 3.02198, 3.21377, 3.26696, 3.05099, 3.00667, 0.00000, 0.00000, 17.25071
24-07-31, 13:25:21.550200, 293747227, 0xCCCC, 0142, 3.30000, 2.27011, 24.25000, 24.18000, 24.43000, 24.18000, 2.36359, 0.00000, 2.50703, 3.30000, 3.04212, 3.20652, 3.30000, 3.05018, 3.00586, 0.00000, 0.00000, 17.42979
24-07-31, 13:25:21.560200, 293757226, 0xCCCC, 0143, 3.30000, 2.23949, 24.25000, 24.18000, 24.43000, 24.18000, 2.36520, 0.02095, 2.50784, 3.30000, 3.01392, 3.20249, 3.26374, 3.05018, 3.00586, 0.00000, 0.00000, 17.42979
24-07-31, 13:25:21.570200, 293767230, 0xCCCC, 0144, 3.30000, 2.18066, 24.25000, 24.18000, 24.43000, 24.18000, 2.38132, 0.02337, 2.50784, 3.30000, 3.01473, 3.19604, 3.28952, 3.04938, 3.00586, 0.00081, 0.00000, 17.42979
24-07-31, 13:25:21.580300, 293777245, 0xCCCC, 0145, 3.30000, 2.21128, 24.25000, 24.18000, 24.43000, 24.31000, 2.36762, 0.02579, 2.50784, 3.30000, 3.03568, 3.21377, 3.27663, 3.04777, 3.00586, 0.00000, 0.00000, 17.42979
24-07-31, 13:25:21.590500, 293787479, 0xCCCC, 0146, 3.30000, 2.18147, 24.25000, 24.18000, 24.43000, 24.31000, 2.36198, 0.02015, 2.50784, 3.30000, 3.00667, 3.20652, 3.30000, 3.04777, 3.00586, 0.00000, 0.00000, 17.42979
24-07-31, 13:25:21.600300, 293797242, 0xCCCC, 0147, 3.30000, 2.19516, 24.25000, 24.18000, 24.43000, 24.31000, 2.36440, 0.01934, 2.50784, 3.30000, 3.05824, 3.20088, 3.26938, 3.04857, 3.00586, 0.00000, 0.00000, 17.42979
24-07-31, 13:25:21.610300, 293807245, 0xCCCC, 0148, 3.30000, 2.17421, 24.25000, 24.18000, 24.43000, 24.31000, 2.36440, 0.02418, 2.50784, 3.30000, 3.02923, 3.20249, 3.30000, 3.05018, 3.00908, 0.00000, 0.00000, 17.60886
24-07-31, 13:25:21.620300, 293817245, 0xCCCC, 0149, 3.30000, 2.22579, 24.25000, 24.18000, 24.43000, 24.31000, 2.36762, 0.02256, 2.50784, 3.30000, 3.08161, 3.21297, 3.26615, 3.04857, 3.00667, 0.00000, 0.00000, 17.25071
24-07-31, 13:25:21.630300, 293827244, 0xCCCC, 0150, 3.30000, 2.18711, 24.25000, 24.18000, 24.43000, 24.31000, 2.37004, 0.02498, 2.50864, 3.30000, 3.05099, 3.22103, 3.30000, 3.04938, 3.00667, 0.00000, 0.00000, 17.42979
24-07-31, 13:25:21.640500, 293837459, 0xCCCC, 0151, 3.30000, 2.26125, 24.25000, 24.18000, 24.43000, 24.31000, 2.39099, 0.01934, 2.50784, 3.30000, 3.02198, 3.19927, 3.27985, 3.04212, 3.00667, 0.00000, 0.00000, 17.42979
24-07-31, 13:25:21.650200, 293847229, 0xCCCC, 0152, 3.30000, 2.22901, 24.25000, 24.18000, 24.43000, 24.31000, 2.37487, 0.02176, 2.50784, 3.30000, 3.07436, 3.21861, 3.24601, 3.05018, 3.00586, 0.00000, 0.00000, 17.42979
24-07-31, 13:25:21.660200, 293857229, 0xCCCC, 0153, 3.30000, 2.20242, 24.25000, 24.18000, 24.43000, 24.31000, 2.37487, 0.02418, 2.50784, 3.30000, 3.04374, 3.21055, 3.29114, 3.04938, 3.00586, 0.00000, 0.00000, 17.42979
24-07-31, 13:25:21.670200, 293867228, 0xCCCC, 0154, 3.30000, 2.24432, 24.25000, 24.18000, 24.43000, 24.31000, 2.36762, 0.02176, 2.50784, 3.30000, 3.01553, 3.20491, 3.30000, 3.05018, 3.00586, 0.00000, 0.00000, 17.42979
24-07-31, 13:25:21.680300, 293877242, 0xCCCC, 0155, 3.30000, 2.17582, 24.18000, 24.18000, 24.43000, 24.31000, 2.38374, 0.02337, 2.51590, 3.30000, 3.06791, 3.19766, 3.30000, 3.04857, 3.00586, 0.00000, 0.00000, 17.96702
24-07-31, 13:25:21.690500, 293887478, 0xCCCC, 0156, 3.30000, 2.24432, 24.18000, 24.18000, 24.43000, 24.31000, 2.36601, 0.02256, 2.50623, 3.30000, 3.03729, 3.21619, 3.25326, 3.05179, 3.00667, 0.00000, 0.00000, 17.25071
24-07-31, 13:25:21.700200, 293897238, 0xCCCC, 0157, 3.30000, 2.25722, 24.18000, 24.18000, 24.43000, 24.31000, 2.38293, 0.02256, 2.50703, 3.30000, 3.00989, 3.20813, 3.30000, 3.05341, 3.00586, 0.00000, 0.00000, 17.25071
24-07-31, 13:25:21.710300, 293907239, 0xCCCC, 0158, 3.30000, 2.25158, 24.18000, 24.18000, 24.43000, 24.31000, 2.37487, 0.01773, 2.50784, 3.30000, 3.06147, 3.20168, 3.24762, 3.04938, 3.00828, 0.00000, 0.00000, 17.25071
24-07-31, 13:25:21.720300, 293917240, 0xCCCC, 0159, 3.30000, 2.19114, 24.18000, 24.18000, 24.43000, 24.31000, 2.36681, 0.02740, 2.50784, 3.30000, 3.02842, 3.18879, 3.27341, 3.04938, 3.00586, 0.00000, 0.00000, 17.42979
24-07-31, 13:25:21.730300, 293927247, 0xCCCC, 0160, 3.30000, 2.25480, 24.18000, 24.18000, 24.43000, 24.31000, 2.37326, 0.02579, 2.50784, 3.30000, 3.08403, 3.20410, 3.26051, 3.05018, 3.00505, 0.00000, 0.00000, 17.42979
24-07-31, 13:25:21.740500, 293937467, 0xCCCC, 0161, 3.30000, 2.22821, 24.18000, 24.18000, 24.43000, 24.31000, 2.36037, 0.01692, 2.50784, 3.30000, 3.05502, 3.19846, 3.30000, 3.05018, 3.00586, 0.00000, 0.00000, 17.42979
24-07-31, 13:25:21.750200, 293947228, 0xCCCC, 0162, 3.30000, 2.20081, 24.18000, 24.18000, 24.43000, 24.31000, 2.37326, 0.02256, 2.50703, 3.30000, 3.03004, 3.21700, 3.25165, 3.04938, 3.00586, 0.00000, 0.00000, 17.42979
24-07-31, 13:25:21.760200, 293957226, 0xCCCC, 0163, 3.30000, 2.31443, 24.18000, 24.18000, 24.43000, 24.31000, 2.36762, 0.01773, 2.50784, 3.30000, 3.07758, 3.20088, 3.30000, 3.05018, 3.00586, 0.00000, 0.00000, 17.42979
24-07-31, 13:25:21.770200, 293967230, 0xCCCC, 0164, 3.30000, 2.22176, 24.18000, 24.18000, 24.43000, 24.31000, 2.37245, 0.02337, 2.50784, 3.30000, 3.04777, 3.20410, 3.24923, 3.05018, 3.00667, 0.00000, 0.00000, 16.71347
24-07-31, 13:25:21.780300, 293977244, 0xCCCC, 0165, 3.30000, 2.25077, 24.18000, 24.18000, 24.43000, 24.31000, 2.35553, 0.02418, 2.50784, 3.30000, 3.06066, 3.19846, 3.30000, 3.04857, 3.00586, 0.00000, 0.00000, 17.42979
24-07-31, 13:25:21.790500, 293987488, 0xCCCC, 0166, 3.30000, 2.22015, 24.18000, 24.18000, 24.43000, 24.31000, 2.37487, 0.02176, 2.50864, 3.30000, 3.03971, 3.21619, 3.25971, 3.04777, 3.00586, 0.00000, 0.00000, 17.25071
24-07-31, 13:25:21.800200, 293997228, 0xCCCC, 0167, 3.30000, 2.23546, 24.18000, 24.18000, 24.43000, 24.31000, 2.36923, 0.02337, 2.50059, 3.30000, 3.00828, 3.20894, 3.30000, 3.04938, 3.00586, 0.00000, 0.00000, 17.60886
24-07-31, 13:25:21.810200, 294007236, 0xCCCC, 0168, 3.30000, 2.21531, 24.18000, 24.18000, 24.43000, 24.31000, 2.37165, 0.02176, 2.50784, 3.30000, 3.06308, 3.20652, 3.27179, 3.04615, 3.00425, 0.00081, 0.00000, 17.42979
24-07-31, 13:25:21.820300, 294017244, 0xCCCC, 0169, 3.30000, 2.25883, 24.18000, 24.18000, 24.43000, 24.25000, 2.37971, 0.01853, 2.51993, 3.30000, 3.03084, 3.19685, 3.30000, 3.04696, 3.00425, 0.00000, 0.00161, 18.14610
24-07-31, 13:25:21.830300, 294027257, 0xCCCC, 0170, 3.30000, 2.21531, 24.18000, 24.18000, 24.37000, 24.25000, 2.37326, 0.01934, 2.51026, 3.30000, 3.08564, 3.21700, 3.26696, 3.04857, 3.00747, 0.00242, 0.00000, 16.53439
24-07-31, 13:25:21.840500, 294037462, 0xCCCC, 0171, 3.30000, 2.17985, 24.18000, 24.18000, 24.37000, 24.25000, 2.37648, 0.02015, 2.50542, 3.30000, 3.05179, 3.21780, 3.30000, 3.04696, 3.00505, 0.00000, 0.00000, 16.71347
24-07-31, 13:25:21.850200, 294047229, 0xCCCC, 0172, 3.30000, 2.25077, 24.18000, 24.18000, 24.37000, 24.25000, 2.36117, 0.02176, 2.50703, 3.30000, 3.02440, 3.19766, 3.27905, 3.04938, 3.00586, 0.00000, 0.00081, 17.96702
24-07-31, 13:25:21.860200, 294057230, 0xCCCC, 0173, 3.30000, 2.21289, 24.18000, 24.18000, 24.37000, 24.25000, 2.40147, 0.02015, 2.51106, 3.30000, 3.07436, 3.21619, 3.30000, 3.04615, 3.00586, 0.00000, 0.00242, 17.25071
24-07-31, 13:25:21.870200, 294067237, 0xCCCC, 0174, 3.30000, 2.25158, 24.18000, 24.18000, 24.37000, 24.25000, 2.37326, 0.02095, 2.51026, 3.30000, 3.03971, 3.21458, 3.27018, 3.04938, 3.00425, 0.00000, 0.00161, 17.60886
24-07-31, 13:25:21.880300, 294077241, 0xCCCC, 0175, 3.30000, 2.17663, 24.18000, 24.18000, 24.37000, 24.25000, 2.37245, 0.02418, 2.50784, 3.30000, 3.01231, 3.21377, 3.30000, 3.04696, 3.00425, 0.00000, 0.00000, 17.60886
24-07-31, 13:25:21.890500, 294087488, 0xCCCC, 0176, 3.30000, 2.23465, 24.18000, 24.18000, 24.37000, 24.25000, 2.38615, 0.02176, 2.50623, 3.30000, 3.06388, 3.19846, 3.28308, 3.05663, 3.00828, 0.00161, 0.00000, 17.07163
24-07-31, 13:25:21.900200, 294097229, 0xCCCC, 0177, 3.30000, 2.24513, 24.18000, 24.18000, 24.37000, 24.25000, 2.39905, 0.02256, 2.50864, 3.30000, 3.03245, 3.21216, 3.25004, 3.05018, 3.00425, 0.00161, 0.00000, 17.25071
24-07-31, 13:25:21.910200, 294107233, 0xCCCC, 0178, 3.30000, 2.23626, 24.18000, 24.18000, 24.37000, 24.25000, 2.36923, 0.02256, 2.50784, 3.30000, 3.08242, 3.20894, 3.27663, 3.04938, 3.00586, 0.00000, 0.00000, 17.25071
24-07-31, 13:25:21.920200, 294117237, 0xCCCC, 0179, 3.30000, 2.28703, 24.18000, 24.18000, 24.37000, 24.25000, 2.36601, 0.02015, 2.50542, 3.30000, 3.05018, 3.20330, 3.30000, 3.05421, 3.00586, 0.00000, 0.00000, 17.25071
24-07-31, 13:25:21.930300, 294127257, 0xCCCC, 0180, 3.30000, 2.23626, 24.18000, 24.18000, 24.37000, 24.25000, 2.36762, 0.02095, 2.50784, 3.30000, 3.02117, 3.19443, 3.28952, 3.05099, 3.00586, 0.00000, 0.00000, 17.42979
24-07-31, 13:25:21.940500, 294137470, 0xCCCC, 0181, 3.30000, 2.21048, 24.18000, 24.18000, 24.37000, 24.25000, 2.37407, 0.02095, 2.50784, 3.30000, 3.07355, 3.21297, 3.25407, 3.05018, 3.00586, 0.00000, 0.00000, 17.42979
24-07-31, 13:25:21.950200, 294147228, 0xCCCC, 0182, 3.30000, 2.18227, 24.18000, 24.18000, 24.37000, 24.25000, 2.29590, 0.02337, 2.50784, 3.30000, 3.04454, 3.19766, 3.28147, 3.05341, 3.00586, 0.00000, 0.00000, 16.89255
24-07-31, 13:25:21.960200, 294157229, 0xCCCC, 0183, 3.30000, 2.25802, 24.18000, 24.18000, 24.37000, 24.25000, 2.37165, 0.02498, 2.50784, 3.30000, 3.01311, 3.21700, 3.25165, 3.04615, 3.00667, 0.00000, 0.00000, 17.42979
24-07-31, 13:25:21.970200, 294167230, 0xCCCC, 0184, 3.30000, 2.19839, 24.18000, 24.18000, 24.37000, 24.25000, 2.36117, 0.02418, 2.50784, 3.30000, 3.06469, 3.19846, 3.27744, 3.04212, 3.00586, 0.00000, 0.00000, 17.42979
24-07-31, 13:25:21.980300, 294177244, 0xCCCC, 0185, 3.30000, 2.22579, 24.18000, 24.18000, 24.37000, 24.25000, 2.37245, 0.01773, 2.50703, 3.30000, 3.03568, 3.20491, 3.26293, 3.04938, 3.00586, 0.00000, 0.00000, 17.42979
24-07-31, 13:25:21.990500, 294187482, 0xCCCC, 0186, 3.30000, 2.19436, 24.18000, 24.18000, 24.37000, 24.25000, 2.36278, 0.02015, 2.50623, 3.30000, 3.05663, 3.19927, 3.28952, 3.04857, 3.00667, 0.00000, 0.00000, 17.42979
24-07-31, 13:25:22.000200, 294197230, 0xCCCC, 0187, 3.30000, 2.20806, 24.18000, 24.18000, 24.37000, 24.25000, 2.37004, 0.01612, 2.50059, 3.30000, 3.02681, 3.21700, 3.25648, 3.04938, 3.00586, 0.00000, 0.00000, 17.42979
24-07-31, 13:25:22.010200, 294207229, 0xCCCC, 0188, 3.30000, 2.18630, 24.18000, 24.18000, 24.37000, 24.25000, 2.37568, 0.02095, 2.50864, 3.30000, 3.07919, 3.20974, 3.30000, 3.05179, 3.00586, 0.00000, 0.00000, 17.25071
24-07-31, 13:25:22.020200, 294217229, 0xCCCC, 0189, 3.30000, 2.23949, 24.18000, 24.18000, 24.37000, 24.25000, 2.36842, 0.02418, 2.50784, 3.30000, 3.05018, 3.20410, 3.25245, 3.04454, 3.00667, 0.00000, 0.00000, 17.42979
24-07-31, 13:25:22.030300, 294227262, 0xCCCC, 0190, 3.30000, 2.19839, 24.18000, 24.18000, 24.37000, 24.25000, 2.37890, 0.01773, 2.50784, 3.30000, 3.01875, 3.19685, 3.29758, 3.05582, 3.00586, 0.00000, 0.00000, 17.25071
24-07-31, 13:25:22.040500, 294237501, 0xCCCC, 0191, 3.30000, 2.29106, 24.18000, 24.18000, 24.37000, 24.25000, 2.36601, 0.01692, 2.50542, 3.30000, 3.07194, 3.21377, 3.26051, 3.05099, 3.00586, 0.00000, 0.00000, 16.89255
24-07-31, 13:25:22.050300, 294247245, 0xCCCC, 0192, 3.30000, 2.24674, 24.18000, 24.18000, 24.37000, 24.25000, 2.37326, 0.02498, 2.50784, 3.30000, 3.04132, 3.20813, 3.30000, 3.04857, 3.00586, 0.00000, 0.00000, 17.42979
24-07-31, 13:25:22.060300, 294257245, 0xCCCC, 0193, 3.30000, 2.21612, 24.18000, 24.25000, 24.37000, 24.25000, 2.36520, 0.02337, 2.50864, 3.30000, 3.01150, 3.20249, 3.27663, 3.04857, 3.00586, 0.00000, 0.00000, 17.42979
24-07-31, 13:25:22.070200, 294267227, 0xCCCC, 0194, 3.30000, 2.25722, 24.18000, 24.25000, 24.43000, 24.37000, 2.37487, 0.02337, 2.50542, 3.30000, 3.06388, 3.19685, 3.30000, 3.04938, 3.00586, 0.00000, 0.00000, 16.89255
24-07-31, 13:25:22.080300, 294277242, 0xCCCC, 0195, 3.30000, 2.19033, 24.18000, 24.25000, 24.43000, 24.37000, 2.39502, 0.02176, 2.50784, 3.30000, 3.03326, 3.21377, 3.27099, 3.04777, 3.01150, 0.00000, 0.00000, 17.42979
24-07-31, 13:25:22.090500, 294287479, 0xCCCC, 0196, 3.30000, 2.25480, 24.18000, 24.25000, 24.43000, 24.37000, 2.38938, 0.02015, 2.50784, 3.30000, 3.08886, 3.20652, 3.30000, 3.05099, 3.00586, 0.00000, 0.00000, 17.42979
24-07-31, 13:25:22.100200, 294297229, 0xCCCC, 0197, 3.30000, 2.26769, 24.18000, 24.25000, 24.43000, 24.37000, 2.36681, 0.02337, 2.50864, 3.30000, 3.04777, 3.20088, 3.28872, 3.04938, 3.00586, 0.00000, 0.00000, 17.42979
24-07-31, 13:25:22.110200, 294307228, 0xCCCC, 0198, 3.30000, 2.26447, 24.18000, 24.25000, 24.43000, 24.37000, 2.39985, 0.02015, 2.50784, 3.30000, 3.02520, 3.19604, 3.30000, 3.04777, 3.00586, 0.00000, 0.00000, 17.25071
24-07-31, 13:25:22.120200, 294317228, 0xCCCC, 0199, 3.30000, 2.20242, 24.18000, 24.25000, 24.43000, 24.37000, 2.38777, 0.01934, 2.50703, 3.30000, 3.07839, 3.21297, 3.25810, 3.04777, 3.00586, 0.00000, 0.00000, 17.42979
24-07-31, 13:25:22.130300, 294327247, 0xCCCC, 0200, 3.30000, 2.27011, 24.18000, 24.25000, 24.43000, 24.37000, 2.36359, 0.01934, 2.50784, 3.30000, 3.04696, 3.20652, 3.25407, 3.04374, 3.00586, 0.00000, 0.00000, 17.42979
24-07-31, 13:25:22.140500, 294337468, 0xCCCC, 0201, 3.30000, 2.23707, 24.18000, 24.25000, 24.43000, 24.37000, 2.37084, 0.02740, 2.50864, 3.30000, 3.01875, 3.20088, 3.27582, 3.04938, 3.00586, 0.00000, 0.00000, 17.42979
24-07-31, 13:25:22.150300, 294347240, 0xCCCC, 0202, 3.30000, 2.20403, 24.18000, 24.25000, 24.43000, 24.37000, 2.36842, 0.02015, 2.50784, 3.30000, 3.07114, 3.22264, 3.30000, 3.04857, 3.00586, 0.00000, 0.00000, 17.25071
24-07-31, 13:25:22.160300, 294357242, 0xCCCC, 0203, 3.30000, 2.17502, 24.18000, 24.25000, 24.43000, 24.37000, 2.36681, 0.02418, 2.50784, 3.30000, 3.03971, 3.21216, 3.28711, 3.04777, 3.00828, 0.00000, 0.00000, 17.42979
24-07-31, 13:25:22.170200, 294367229, 0xCCCC, 0204, 3.30000, 2.22256, 24.18000, 24.25000, 24.43000, 24.37000, 2.37487, 0.02176, 2.50784, 3.30000, 3.01150, 3.20571, 3.30000, 3.05018, 3.00586, 0.00000, 0.00000, 17.42979
24-07-31, 13:25:22.180300, 294377244, 0xCCCC, 0205, 3.30000, 2.25399, 24.18000, 24.25000, 24.43000, 24.37000, 2.36762, 0.01934, 2.50784, 3.30000, 3.06388, 3.21377, 3.30000, 3.04938, 3.00586, 0.00000, 0.00000, 17.42979
24-07-31, 13:25:22.190500, 294387493, 0xCCCC, 0206, 3.30000, 2.22418, 24.18000, 24.25000, 24.43000, 24.37000, 2.36520, 0.01853, 2.50784, 3.30000, 3.03407, 3.21377, 3.24762, 3.04857, 3.00586, 0.00000, 0.00000, 17.42979
24-07-31, 13:25:22.200200, 294397227, 0xCCCC, 0207, 3.30000, 2.23465, 24.18000, 24.25000, 24.43000, 24.37000, 2.36923, 0.01370, 2.50784, 3.30000, 3.08886, 3.20813, 3.29436, 3.04857, 3.00586, 0.00000, 0.00000, 17.42979
24-07-31, 13:25:22.210200, 294407229, 0xCCCC, 0208, 3.30000, 2.21853, 24.18000, 24.25000, 24.43000, 24.37000, 2.38535, 0.02337, 2.50784, 3.30000, 3.02681, 3.19604, 3.26132, 3.05018, 3.00667, 0.00000, 0.00000, 17.42979
24-07-31, 13:25:22.220200, 294417229, 0xCCCC, 0209, 3.30000, 2.26608, 24.18000, 24.25000, 24.43000, 24.37000, 2.36762, 0.01853, 2.50784, 3.30000, 3.02762, 3.21377, 3.29114, 3.05018, 3.00505, 0.00000, 0.00000, 17.42979
24-07-31, 13:25:22.230300, 294427244, 0xCCCC, 0210, 3.30000, 2.22821, 24.18000, 24.25000, 24.43000, 24.37000, 2.36117, 0.02498, 2.50864, 3.30000, 3.04777, 3.20652, 3.25568, 3.05099, 3.00586, 0.00000, 0.00000, 17.42979
24-07-31, 13:25:22.240500, 294437448, 0xCCCC, 0211, 3.30000, 2.19758, 24.18000, 24.25000, 24.43000, 24.37000, 2.36681, 0.01692, 2.50784, 3.30000, 3.01875, 3.19927, 3.30000, 3.05663, 3.00586, 0.00000, 0.00000, 16.89255
24-07-31, 13:25:22.250200, 294447236, 0xCCCC, 0212, 3.30000, 2.26689, 24.18000, 24.25000, 24.43000, 24.37000, 2.37165, 0.02176, 2.50784, 3.30000, 3.07194, 3.20894, 3.26535, 3.05179, 3.00586, 0.00000, 0.00000, 16.89255
24-07-31, 13:25:22.260300, 294457241, 0xCCCC, 0213, 3.30000, 2.24593, 24.18000, 24.25000, 24.43000, 24.37000, 2.36681, 0.02095, 2.50864, 3.30000, 3.04132, 3.21458, 3.30000, 3.04051, 3.00586, 0.00000, 0.00000, 17.42979
24-07-31, 13:25:22.270300, 294467243, 0xCCCC, 0214, 3.30000, 2.18308, 24.18000, 24.25000, 24.43000, 24.37000, 2.36198, 0.02256, 2.50784, 3.30000, 3.01311, 3.20652, 3.26132, 3.04857, 3.00586, 0.00000, 0.00000, 17.42979
24-07-31, 13:25:22.280300, 294477260, 0xCCCC, 0215, 3.30000, 2.22579, 24.18000, 24.25000, 24.43000, 24.37000, 2.36440, 0.02256, 2.50864, 3.30000, 3.06308, 3.20007, 3.30000, 3.05018, 3.00586, 0.00000, 0.00000, 17.42979
24-07-31, 13:25:22.290500, 294487482, 0xCCCC, 0216, 3.30000, 2.18630, 24.18000, 24.25000, 24.43000, 24.37000, 2.37487, 0.02176, 2.50784, 3.30000, 3.03245, 3.21861, 3.27502, 3.04938, 3.00586, 0.00000, 0.00000, 17.42979
24-07-31, 13:25:22.300200, 294497229, 0xCCCC, 0217, 3.30000, 2.20161, 24.18000, 24.25000, 24.43000, 24.37000, 2.36520, 0.02095, 2.50784, 3.30000, 3.08484, 3.21055, 3.30000, 3.05018, 3.00586, 0.00000, 0.00000, 17.42979
24-07-31, 13:25:22.310200, 294507227, 0xCCCC, 0218, 3.30000, 2.20161, 24.18000, 24.25000, 24.43000, 24.25000, 2.37084, 0.02095, 2.50784, 3.30000, 3.05502, 3.20410, 3.26938, 3.05018, 3.00667, 0.00000, 0.00000, 17.42979
24-07-31, 13:25:22.320200, 294517228, 0xCCCC, 0219, 3.30000, 2.24513, 24.18000, 24.25000, 24.43000, 24.25000, 2.36117, 0.02821, 2.51106, 3.30000, 3.02359, 3.19766, 3.30000, 3.05260, 3.00667, 0.00000, 0.00161, 17.78794
24-07-31, 13:25:22.330300, 294527246, 0xCCCC, 0220, 3.30000, 2.19839, 24.18000, 24.25000, 24.43000, 24.25000, 2.39099, 0.02337, 2.51026, 3.30000, 3.07597, 3.21700, 3.28227, 3.04535, 3.00828, 0.00000, 0.00000, 16.17624
24-07-31, 13:25:22.340500, 294537455, 0xCCCC, 0221, 3.30000, 2.26769, 24.18000, 24.25000, 24.43000, 24.25000, 2.37487, 0.02176, 2.50542, 3.30000, 3.04535, 3.20974, 3.25648, 3.05099, 3.00344, 0.00000, 0.00161, 18.14610
24-07-31, 13:25:22.350200, 294547233, 0xCCCC, 0222, 3.30000, 2.23062, 24.18000, 24.25000, 24.43000, 24.25000, 2.36359, 0.02740, 2.51026, 3.30000, 3.01311, 3.20088, 3.27663, 3.04857, 3.00425, 0.00000, 0.00161, 17.42979
24-07-31, 13:25:22.360300, 294557241, 0xCCCC, 0223, 3.30000, 2.19597, 24.18000, 24.25000, 24.43000, 24.25000, 2.37648, 0.02418, 2.50945, 3.30000, 3.05905, 3.21458, 3.30000, 3.04938, 3.00425, 0.00000, 0.00000, 16.89255
24-07-31, 13:25:22.370300, 294567241, 0xCCCC, 0224, 3.30000, 2.23304, 24.18000, 24.25000, 24.43000, 24.25000, 2.35875, 0.02901, 2.50703, 3.30000, 3.03407, 3.21136, 3.27341, 3.04454, 3.00747, 0.00242, 0.00000, 18.32518
24-07-31, 13:25:22.380300, 294577256, 0xCCCC, 0225, 3.30000, 2.25722, 24.18000, 24.25000, 24.43000, 24.25000, 2.36520, 0.02498, 2.50864, 3.30000, 3.08725, 3.20168, 3.25407, 3.05179, 3.00828, 0.00000, 0.00000, 18.32518
24-07-31, 13:25:22.390500, 294587492, 0xCCCC, 0226, 3.30000, 2.22015, 24.18000, 24.25000, 24.43000, 24.25000, 2.35634, 0.01853, 2.50864, 3.30000, 3.05260, 3.19524, 3.27905, 3.05260, 3.00747, 0.00000, 0.00161, 17.78794
24-07-31, 13:25:22.400200, 294597229, 0xCCCC, 0227, 3.30000, 2.22821, 24.18000, 24.25000, 24.43000, 24.25000, 2.35553, 0.02176, 2.50703, 3.30000, 3.02117, 3.20491, 3.24520, 3.05179, 3.00747, 0.00161, 0.00161, 17.42979
24-07-31, 13:25:22.410200, 294607230, 0xCCCC, 0228, 3.30000, 2.20242, 24.25000, 24.25000, 24.43000, 24.25000, 2.35231, 0.02498, 2.50462, 3.30000, 3.07033, 3.19846, 3.29033, 3.05179, 3.00747, 0.00000, 0.00081, 18.14610
24-07-31, 13:25:22.420200, 294617230, 0xCCCC, 0229, 3.30000, 2.24835, 24.25000, 24.25000, 24.43000, 24.25000, 2.36681, 0.01934, 2.50784, 3.30000, 3.04132, 3.21458, 3.30000, 3.05018, 3.00586, 0.00000, 0.00000, 16.17624
24-07-31, 13:25:22.430300, 294627243, 0xCCCC, 0230, 3.30000, 2.21048, 24.25000, 24.25000, 24.43000, 24.25000, 2.36842, 0.02015, 2.50784, 3.30000, 3.06308, 3.20813, 3.28549, 3.04857, 3.00667, 0.00000, 0.00000, 17.42979
24-07-31, 13:25:22.440500, 294637461, 0xCCCC, 0231, 3.30000, 2.18066, 24.25000, 24.25000, 24.43000, 24.25000, 2.36923, 0.02015, 2.50703, 3.30000, 3.03326, 3.20249, 3.25004, 3.05018, 3.00989, 0.00000, 0.00000, 17.25071
24-07-31, 13:25:22.450200, 294647229, 0xCCCC, 0232, 3.30000, 2.25560, 24.25000, 24.25000, 24.43000, 24.25000, 2.35553, 0.02176, 2.50623, 3.30000, 3.09128, 3.19766, 3.30000, 3.04857, 3.00586, 0.00000, 0.00000, 17.42979
24-07-31, 13:25:22.460200, 294657230, 0xCCCC, 0233, 3.30000, 2.23062, 24.25000, 24.25000, 24.43000, 24.25000, 2.36440, 0.01934, 2.50864, 3.30000, 3.05663, 3.21055, 3.26454, 3.04857, 3.00586, 0.00000, 0.00000, 17.25071
24-07-31, 13:25:22.470200, 294667237, 0xCCCC, 0234, 3.30000, 2.27414, 24.25000, 24.25000, 24.43000, 24.25000, 2.36359, 0.02015, 2.50784, 3.30000, 3.02681, 3.20652, 3.28952, 3.04857, 3.00667, 0.00000, 0.00000, 17.42979
24-07-31, 13:25:22.480300, 294677258, 0xCCCC, 0235, 3.30000, 2.20725, 24.25000, 24.25000, 24.43000, 24.25000, 2.36359, 0.02256, 2.50784, 3.30000, 3.07919, 3.20007, 3.25648, 3.04777, 3.00586, 0.00000, 0.00000, 17.25071
24-07-31, 13:25:22.490500, 294687462, 0xCCCC, 0236, 3.30000, 2.26608, 24.25000, 24.25000, 24.43000, 24.25000, 2.37407, 0.02015, 2.50784, 3.30000, 3.04857, 3.21700, 3.30000, 3.05018, 3.00908, 0.00000, 0.00000, 17.42979
24-07-31, 13:25:22.500300, 294697245, 0xCCCC, 0237, 3.30000, 2.17905, 24.25000, 24.25000, 24.43000, 24.25000, 2.37407, 0.02337, 2.50784, 3.30000, 3.01956, 3.20974, 3.27018, 3.04857, 3.00667, 0.00000, 0.00000, 17.42979
24-07-31, 13:25:22.510200, 294707228, 0xCCCC, 0238, 3.30000, 2.30154, 24.25000, 24.25000, 24.43000, 24.25000, 2.37084, 0.01773, 2.50784, 3.30000, 3.07114, 3.20168, 3.30000, 3.05018, 3.00505, 0.00000, 0.00000, 17.25071
24-07-31, 13:25:22.520200, 294717228, 0xCCCC, 0239, 3.30000, 2.21451, 24.25000, 24.25000, 24.43000, 24.25000, 2.36278, 0.02337, 2.50864, 3.30000, 3.04212, 3.20007, 3.24762, 3.04696, 3.00586, 0.00000, 0.00000, 17.25071
24-07-31, 13:25:22.530300, 294727246, 0xCCCC, 0240, 3.30000, 2.29106, 24.25000, 24.25000, 24.43000, 24.25000, 2.37326, 0.02337, 2.50864, 3.30000, 3.01392, 3.21780, 3.30000, 3.05018, 3.00586, 0.00000, 0.00000, 17.07163
24-07-31, 13:25:22.540500, 294737466, 0xCCCC, 0241, 3.30000, 2.24916, 24.25000, 24.25000, 24.43000, 24.25000, 2.36440, 0.02176, 2.50784, 3.30000, 3.06469, 3.21055, 3.27905, 3.04535, 3.00586, 0.00000, 0.00000, 17.25071
24-07-31, 13:25:22.550200, 294747229, 0xCCCC, 0242, 3.30000, 2.21531, 24.25000, 24.25000, 24.43000, 24.43000, 2.37245, 0.02256, 2.50784, 3.30000, 3.03407, 3.20571, 3.30000, 3.04857, 3.00586, 0.00000, 0.00000, 17.42979
24-07-31, 13:25:22.560200, 294757229, 0xCCCC, 0243, 3.30000, 2.18388, 24.25000, 24.25000, 24.43000, 24.43000, 2.36198, 0.01934, 2.50542, 3.30000, 3.00586, 3.19927, 3.27099, 3.04696, 3.00586, 0.00000, 0.00000, 17.07163
24-07-31, 13:25:22.570200, 294767231, 0xCCCC, 0244, 3.30000, 2.22901, 24.25000, 24.25000, 24.43000, 24.43000, 2.39744, 0.02095, 2.50784, 3.30000, 3.05744, 3.21700, 3.30000, 3.04938, 3.00667, 0.00000, 0.00000, 17.42979
24-07-31, 13:25:22.580300, 294777255, 0xCCCC, 0245, 3.30000, 2.25883, 24.25000, 24.25000, 24.43000, 24.43000, 2.36601, 0.01853, 2.50784, 3.30000, 3.02842, 3.21055, 3.28549, 3.04857, 3.00586, 0.00000, 0.00000, 17.42979
24-07-31, 13:25:22.590500, 294787464, 0xCCCC, 0246, 3.30000, 2.22982, 24.25000, 24.25000, 24.43000, 24.43000, 2.38051, 0.02337, 2.50864, 3.30000, 3.08081, 3.20571, 3.30000, 3.04938, 3.01150, 0.00000, 0.00000, 17.42979
24-07-31, 13:25:22.600300, 294797241, 0xCCCC, 0247, 3.30000, 2.24190, 24.25000, 24.25000, 24.43000, 24.43000, 2.37004, 0.01934, 2.50784, 3.30000, 3.05018, 3.19927, 3.28066, 3.05018, 3.01070, 0.00000, 0.00000, 17.42979
24-07-31, 13:25:22.610200, 294807229, 0xCCCC, 0248, 3.30000, 2.22418, 24.25000, 24.25000, 24.43000, 24.43000, 2.36601, 0.01692, 2.50784, 3.30000, 3.02117, 3.20652, 3.24762, 3.05179, 3.00667, 0.00000, 0.00000, 17.42979
24-07-31, 13:25:22.620200, 294817229, 0xCCCC, 0249, 3.30000, 2.27011, 24.25000, 24.25000, 24.43000, 24.43000, 2.37326, 0.02337, 2.50784, 3.30000, 3.07436, 3.21055, 3.28388, 3.04857, 3.01070, 0.00000, 0.00000, 17.42979
24-07-31, 13:25:22.630300, 294827245, 0xCCCC, 0250, 3.30000, 2.23385, 24.25000, 24.25000, 24.43000, 24.43000, 2.38132, 0.02095, 2.50864, 3.30000, 3.04293, 3.19604, 3.30000, 3.04696, 3.00586, 0.00000, 0.00000, 17.42979
24-07-31, 13:25:22.640500, 294837448, 0xCCCC, 0251, 3.30000, 2.19436, 24.25000, 24.25000, 24.43000, 24.43000, 2.37004, 0.02176, 2.50381, 3.30000, 3.02037, 3.21297, 3.28711, 3.04777, 3.00667, 0.00000, 0.00000, 17.42979
24-07-31, 13:25:22.650200, 294847230, 0xCCCC, 0252, 3.30000, 2.27736, 24.18000, 24.25000, 24.43000, 24.43000, 2.35875, 0.02256, 2.50784, 3.30000, 3.03326, 3.20330, 3.26535, 3.04857, 3.00505, 0.00000, 0.00000, 17.42979
24-07-31, 13:25:22.660200, 294857229, 0xCCCC, 0253, 3.30000, 2.24674, 24.18000, 24.25000, 24.43000, 24.43000, 2.36923, 0.01289, 2.50945, 3.30000, 3.00667, 3.20007, 3.30000, 3.04777, 3.00586, 0.00000, 0.00000, 17.42979
24-07-31, 13:25:22.670200, 294867229, 0xCCCC, 0254, 3.30000, 2.18711, 24.18000, 24.25000, 24.43000, 24.43000, 2.38132, 0.01934, 2.51026, 3.30000, 3.00828, 3.21941, 3.24842, 3.04051, 3.00586, 0.00000, 0.00000, 17.07163
24-07-31, 13:25:22.680300, 294877244, 0xCCCC, 0255, 3.30000, 2.22821, 24.18000, 24.25000, 24.43000, 24.43000, 2.36762, 0.02418, 2.50864, 3.30000, 3.02923, 3.21216, 3.29597, 3.04857, 3.00586, 0.00000, 0.00000, 17.42979
24-07-31, 13:25:22.690500, 294887449, 0xCCCC, 0256, 3.30000, 2.18872, 24.18000, 24.25000, 24.43000, 24.43000, 2.37165, 0.02256, 2.50784, 3.30000, 3.08161, 3.20491, 3.26132, 3.05582, 3.00586, 0.00000, 0.00000, 17.42979
24-07-31, 13:25:22.700300, 294897241, 0xCCCC, 0257, 3.30000, 2.20081, 24.18000, 24.25000, 24.43000, 24.43000, 2.35956, 0.01934, 2.50864, 3.30000, 3.04938, 3.19846, 3.30000, 3.05341, 3.00586, 0.00000, 0.00000, 17.42979
24-07-31, 13:25:22.710300, 294907246, 0xCCCC, 0258, 3.30000, 2.19436, 24.18000, 24.25000, 24.43000, 24.43000, 2.37165, 0.02256, 2.50864, 3.30000, 3.01956, 3.20894, 3.25648, 3.04454, 3.00586, 0.00000, 0.00000, 17.42979
24-07-31, 13:25:22.720300, 294917245, 0xCCCC, 0259, 3.30000, 2.24029, 24.18000, 24.25000, 24.43000, 24.43000, 2.36923, 0.02176, 2.50784, 3.30000, 3.07275, 3.20733, 3.30000, 3.05179, 3.00586, 0.00000, 0.00000, 17.25071
24-07-31, 13:25:22.730300, 294927246, 0xCCCC, 0260, 3.30000, 2.20000, 24.18000, 24.25000, 24.43000, 24.43000, 2.37165, 0.02015, 2.50784, 3.30000, 3.04293, 3.20491, 3.27018, 3.04857, 3.00667, 0.00000, 0.00000, 17.25071
24-07-31, 13:25:22.740500, 294937467, 0xCCCC, 0261, 3.30000, 2.29429, 24.18000, 24.25000, 24.43000, 24.43000, 2.37810, 0.02498, 2.50542, 3.30000, 3.01231, 3.19846, 3.30000, 3.04696, 3.00586, 0.00000, 0.00000, 17.07163
24-07-31, 13:25:22.750200, 294947230, 0xCCCC, 0262, 3.30000, 2.24996, 24.18000, 24.25000, 24.43000, 24.43000, 2.36842, 0.02176, 2.50864, 3.30000, 3.06549, 3.21619, 3.26777, 3.04938, 3.00667, 0.00000, 0.00000, 17.42979
24-07-31, 13:25:22.760200, 294957227, 0xCCCC, 0263, 3.30000, 2.21934, 24.18000, 24.25000, 24.43000, 24.43000, 2.39179, 0.02015, 2.50784, 3.30000, 3.03568, 3.20974, 3.30000, 3.04938, 3.00505, 0.00000, 0.00000, 17.42979
24-07-31, 13:25:22.770200, 294967231, 0xCCCC, 0264, 3.30000, 2.27092, 24.18000, 24.25000, 24.43000, 24.43000, 2.37245, 0.02256, 2.50784, 3.30000, 3.00989, 3.20491, 3.26051, 3.05179, 3.00667, 0.00000, 0.00000, 17.07163
24-07-31, 13:25:22.780300, 294977244, 0xCCCC, 0265, 3.30000, 2.19114, 24.18000, 24.25000, 24.43000, 24.43000, 2.35875, 0.01934, 2.50784, 3.30000, 3.05905, 3.19766, 3.24440, 3.04938, 3.00667, 0.00000, 0.00000, 16.89255
24-07-31, 13:25:22.790500, 294987457, 0xCCCC, 0266, 3.30000, 2.26930, 24.18000, 24.25000, 24.43000, 24.31000, 2.37648, 0.02176, 2.51590, 3.30000, 3.02923, 3.21619, 3.27502, 3.04938, 3.00667, 0.00000, 0.00000, 17.42979
24-07-31, 13:25:22.800300, 294997240, 0xCCCC, 0267, 3.30000, 2.17421, 24.18000, 24.25000, 24.43000, 24.31000, 2.37326, 0.02095, 2.50381, 3.30000, 3.08161, 3.20974, 3.30000, 3.05099, 3.00586, 0.00000, 0.00000, 17.42979
24-07-31, 13:25:22.810300, 295007243, 0xCCCC, 0268, 3.30000, 2.26447, 24.18000, 24.25000, 24.43000, 24.31000, 2.35875, 0.02095, 2.50784, 3.30000, 3.05099, 3.20410, 3.28308, 3.05341, 3.00586, 0.00000, 0.00000, 17.25071
24-07-31, 13:25:22.820300, 295017240, 0xCCCC, 0269, 3.30000, 2.21209, 24.18000, 24.25000, 24.43000, 24.31000, 2.35795, 0.01531, 2.50784, 3.30000, 3.02278, 3.19766, 3.30000, 3.04857, 3.00586, 0.00000, 0.00000, 17.42979
24-07-31, 13:25:22.830300, 295027247, 0xCCCC, 0270, 3.30000, 2.17663, 24.18000, 24.25000, 24.43000, 24.31000, 2.37326, 0.02418, 2.50784, 3.30000, 3.07597, 3.20571, 3.30000, 3.04777, 3.00828, 0.00000, 0.00000, 17.25071
24-07-31, 13:25:22.840500, 295037456, 0xCCCC, 0271, 3.30000, 2.25158, 24.18000, 24.25000, 24.43000, 24.31000, 2.36278, 0.02176, 2.50864, 3.30000, 3.04454, 3.19927, 3.24842, 3.04857, 3.00586, 0.00000, 0.00000, 17.42979
24-07-31, 13:25:22.850200, 295047231, 0xCCCC, 0272, 3.30000, 2.22176, 24.18000, 24.25000, 24.43000, 24.31000, 2.37165, 0.01048, 2.50784, 3.30000, 3.01473, 3.21619, 3.29436, 3.04857, 3.00586, 0.00000, 0.00000, 17.42979
24-07-31, 13:25:22.860200, 295057231, 0xCCCC, 0273, 3.30000, 2.19114, 24.18000, 24.25000, 24.43000, 24.31000, 2.36601, 0.01934, 2.51912, 3.30000, 3.06469, 3.21136, 3.25890, 3.04938, 3.00586, 0.00000, 0.00000, 16.89255
24-07-31, 13:25:22.870200, 295067231, 0xCCCC, 0274, 3.30000, 2.23868, 24.18000, 24.25000, 24.43000, 24.31000, 2.37004, 0.01853, 2.50784, 3.30000, 3.03648, 3.20491, 3.29033, 3.04857, 3.00586, 0.00000, 0.00000, 16.89255
24-07-31, 13:25:22.880300, 295077244, 0xCCCC, 0275, 3.30000, 2.27414, 24.18000, 24.25000, 24.43000, 24.31000, 2.36117, 0.01692, 2.50784, 3.30000, 3.05824, 3.19846, 3.25165, 3.05018, 3.00586, 0.00000, 0.00000, 17.42979
24-07-31, 13:25:22.890500, 295087497, 0xCCCC, 0276, 3.30000, 2.24029, 24.25000, 24.25000, 24.43000, 24.31000, 2.37165, 0.02095, 2.50864, 3.30000, 3.02842, 3.20652, 3.30000, 3.05018, 3.00505, 0.00000, 0.00000, 17.60886
24-07-31, 13:25:22.900200, 295097230, 0xCCCC, 0277, 3.30000, 2.25238, 24.25000, 24.25000, 24.43000, 24.31000, 2.37004, 0.02256, 2.50784, 3.30000, 3.08081, 3.20974, 3.26938, 3.04938, 3.00505, 0.00000, 0.00000, 17.42979
24-07-31, 13:25:22.910200, 295107235, 0xCCCC, 0278, 3.30000, 2.25238, 24.25000, 24.25000, 24.43000, 24.31000, 2.37004, 0.01612, 2.51993, 3.30000, 3.04938, 3.20249, 3.29758, 3.05099, 3.00586, 0.00000, 0.00000, 17.25071
24-07-31, 13:25:22.920300, 295117254, 0xCCCC, 0279, 3.30000, 2.18872, 24.25000, 24.25000, 24.43000, 24.31000, 2.36117, 0.01853, 2.50864, 3.30000, 3.02278, 3.20088, 3.24520, 3.04938, 3.00667, 0.00000, 0.00000, 17.42979
24-07-31, 13:25:22.930300, 295127262, 0xCCCC, 0280, 3.30000, 2.25238, 24.25000, 24.25000, 24.43000, 24.31000, 2.37326, 0.01934, 2.50784, 3.30000, 3.07516, 3.21377, 3.30000, 3.04857, 3.00586, 0.00000, 0.00000, 17.42979
24-07-31, 13:25:22.940500, 295137469, 0xCCCC, 0281, 3.30000, 2.21773, 24.25000, 24.25000, 24.43000, 24.31000, 2.36842, 0.02256, 2.50784, 3.30000, 3.04535, 3.20894, 3.27663, 3.04857, 3.00667, 0.00000, 0.00000, 17.42979
24-07-31, 13:25:22.950200, 295147231, 0xCCCC, 0282, 3.30000, 2.19275, 24.25000, 24.25000, 24.43000, 24.31000, 2.36681, 0.01934, 2.50784, 3.30000, 3.01553, 3.20168, 3.30000, 3.04777, 3.01150, 0.00000, 0.00000, 17.07163
24-07-31, 13:25:22.960200, 295157228, 0xCCCC, 0283, 3.30000, 2.27092, 24.25000, 24.25000, 24.43000, 24.31000, 2.38293, 0.02337, 2.50784, 3.30000, 3.06549, 3.19604, 3.27582, 3.04938, 3.00667, 0.00000, 0.00000, 17.42979
24-07-31, 13:25:22.970200, 295167232, 0xCCCC, 0284, 3.30000, 2.20886, 24.25000, 24.25000, 24.43000, 24.31000, 2.36681, 0.02176, 2.50623, 3.30000, 3.03729, 3.21297, 3.29919, 3.04938, 3.00667, 0.00000, 0.00000, 17.42979
24-07-31, 13:25:22.980300, 295177245, 0xCCCC, 0285, 3.30000, 2.23868, 24.25000, 24.25000, 24.43000, 24.31000, 2.38212, 0.02256, 2.50784, 3.30000, 3.00667, 3.20652, 3.28469, 3.05018, 3.00586, 0.00000, 0.00000, 17.42979
24-07-31, 13:25:22.990500, 295187491, 0xCCCC, 0286, 3.30000, 2.21289, 24.25000, 24.25000, 24.43000, 24.31000, 2.37487, 0.02015, 2.50784, 3.30000, 3.05905, 3.20007, 3.30000, 3.05018, 3.00586, 0.00000, 0.00000, 17.25071
24-07-31, 13:25:23.000200, 295197229, 0xCCCC, 0287, 3.30000, 2.22740, 24.25000, 24.25000, 24.43000, 24.31000, 2.38212, 0.02095, 2.50784, 3.30000, 3.02842, 3.21941, 3.27905, 3.05018, 3.00586, 0.00000, 0.00000, 17.25071
24-07-31, 13:25:23.010300, 295207239, 0xCCCC, 0288, 3.30000, 2.20725, 24.25000, 24.25000, 24.43000, 24.31000, 2.36520, 0.01934, 2.50864, 3.30000, 3.08242, 3.21136, 3.24520, 3.04535, 3.00667, 0.00000, 0.00000, 17.42979
24-07-31, 13:25:23.020300, 295217240, 0xCCCC, 0289, 3.30000, 2.25399, 24.25000, 24.25000, 24.43000, 24.31000, 2.36520, 0.01773, 2.50784, 3.30000, 3.05179, 3.20571, 3.27663, 3.04938, 3.00586, 0.00000, 0.00000, 17.25071
24-07-31, 13:25:23.030300, 295227260, 0xCCCC, 0290, 3.30000, 2.21451, 24.25000, 24.25000, 24.43000, 24.25000, 2.36440, 0.01934, 2.50864, 3.30000, 3.02198, 3.20410, 3.30000, 3.04857, 3.00667, 0.00000, 0.00000, 17.42979
24-07-31, 13:25:23.040500, 295237458, 0xCCCC, 0291, 3.30000, 2.18630, 24.25000, 24.25000, 24.43000, 24.25000, 2.36681, 0.02659, 2.51026, 3.30000, 3.07436, 3.21619, 3.28549, 3.04857, 3.00586, 0.00000, 0.00000, 16.89255
24-07-31, 13:25:23.050200, 295247233, 0xCCCC, 0292, 3.30000, 2.25883, 24.25000, 24.25000, 24.43000, 24.25000, 2.36923, 0.02337, 2.50784, 3.30000, 3.04454, 3.20249, 3.25245, 3.04777, 3.00505, 0.00000, 0.00000, 17.42979
24-07-31, 13:25:23.060200, 295257229, 0xCCCC, 0293, 3.30000, 2.23143, 24.25000, 24.25000, 24.43000, 24.25000, 2.37245, 0.02176, 2.50784, 3.30000, 3.01473, 3.22022, 3.30000, 3.04938, 3.00586, 0.00000, 0.00000, 17.42979
24-07-31, 13:25:23.070200, 295267232, 0xCCCC, 0294, 3.30000, 2.27736, 24.25000, 24.25000, 24.43000, 24.25000, 2.37004, 0.02095, 2.50703, 3.30000, 3.06711, 3.19927, 3.24601, 3.04938, 3.00586, 0.00000, 0.00000, 17.25071
24-07-31, 13:25:23.080300, 295277244, 0xCCCC, 0295, 3.30000, 2.20967, 24.25000, 24.25000, 24.43000, 24.25000, 2.36278, 0.01853, 2.50784, 3.30000, 3.03487, 3.20733, 3.29436, 3.04938, 3.00586, 0.00000, 0.00000, 17.42979
24-07-31, 13:25:23.090500, 295287502, 0xCCCC, 0296, 3.30000, 2.29026, 24.25000, 24.25000, 24.43000, 24.25000, 2.36440, 0.02337, 2.50864, 3.30000, 3.05905, 3.20088, 3.25810, 3.05018, 3.00586, 0.00000, 0.00000, 17.42979
24-07-31, 13:25:23.100200, 295297229, 0xCCCC, 0297, 3.30000, 2.17582, 24.25000, 24.25000, 24.43000, 24.25000, 2.38051, 0.02095, 2.50784, 3.30000, 3.03004, 3.19524, 3.30000, 3.04857, 3.00586, 0.00000, 0.00000, 17.42979
24-07-31, 13:25:23.110200, 295307233, 0xCCCC, 0298, 3.30000, 2.17502, 24.25000, 24.25000, 24.43000, 24.25000, 2.37004, 0.02256, 2.50784, 3.30000, 3.08322, 3.21458, 3.27179, 3.05018, 3.00586, 0.00000, 0.00000, 17.42979
24-07-31, 13:25:23.120200, 295317229, 0xCCCC, 0299, 3.30000, 2.22176, 24.25000, 24.25000, 24.43000, 24.25000, 2.36842, 0.02176, 2.50864, 3.30000, 3.05179, 3.20652, 3.28549, 3.04857, 3.00586, 0.00000, 0.00000, 17.42979
24-07-31, 13:25:23.130300, 295327252, 0xCCCC, 0300, 3.30000, 2.18308, 24.25000, 24.25000, 24.43000, 24.25000, 2.36520, 0.02176, 2.50864, 3.30000, 3.02278, 3.20168, 3.26615, 3.04696, 3.00425, 0.00000, 0.00000, 17.25071
24-07-31, 13:25:23.140500, 295337468, 0xCCCC, 0301, 3.30000, 2.26286, 24.18000, 24.25000, 24.43000, 24.25000, 2.37326, 0.02095, 2.50623, 3.30000, 3.07516, 3.21538, 3.30000, 3.04938, 3.00586, 0.00000, 0.00000, 17.42979
24-07-31, 13:25:23.150300, 295347249, 0xCCCC, 0302, 3.30000, 2.23465, 24.18000, 24.25000, 24.43000, 24.25000, 2.37084, 0.02256, 2.50864, 3.30000, 3.04535, 3.21216, 3.26454, 3.05018, 3.00586, 0.00000, 0.00000, 17.42979
24-07-31, 13:25:23.160300, 295357246, 0xCCCC, 0303, 3.30000, 2.20161, 24.18000, 24.25000, 24.43000, 24.25000, 2.37487, 0.02015, 2.50784, 3.30000, 3.01553, 3.20652, 3.30000, 3.05018, 3.00586, 0.00000, 0.00000, 17.25071
24-07-31, 13:25:23.170200, 295367234, 0xCCCC, 0304, 3.30000, 2.24996, 24.18000, 24.25000, 24.43000, 24.25000, 2.36762, 0.01692, 2.50864, 3.30000, 3.06872, 3.20088, 3.25729, 3.04938, 3.00586, 0.00000, 0.00000, 17.42979
24-07-31, 13:25:23.180300, 295377244, 0xCCCC, 0305, 3.30000, 2.18227, 24.18000, 24.25000, 24.43000, 24.25000, 2.36681, 0.01934, 2.50864, 3.30000, 3.03890, 3.21136, 3.30000, 3.04938, 3.00667, 0.00000, 0.00000, 17.42979
24-07-31, 13:25:23.190500, 295387468, 0xCCCC, 0306, 3.30000, 2.24835, 24.18000, 24.25000, 24.43000, 24.25000, 2.39744, 0.02498, 2.50703, 3.30000, 3.00908, 3.21216, 3.27179, 3.04374, 3.00586, 0.00000, 0.00000, 17.25071
24-07-31, 13:25:23.200200, 295397228, 0xCCCC, 0307, 3.30000, 2.25963, 24.18000, 24.25000, 24.43000, 24.25000, 2.37648, 0.02095, 2.50542, 3.30000, 3.06227, 3.20571, 3.30000, 3.05099, 3.00586, 0.00000, 0.00000, 16.89255
24-07-31, 13:25:23.210200, 295407234, 0xCCCC, 0308, 3.30000, 2.24029, 24.18000, 24.25000, 24.43000, 24.25000, 2.36117, 0.02256, 2.50864, 3.30000, 3.03407, 3.20088, 3.28469, 3.04696, 3.00586, 0.00000, 0.00000, 17.42979
24-07-31, 13:25:23.220200, 295417230, 0xCCCC, 0309, 3.30000, 2.17824, 24.18000, 24.25000, 24.43000, 24.25000, 2.37004, 0.01934, 2.50784, 3.30000, 3.09692, 3.22344, 3.30000, 3.04857, 3.00586, 0.00000, 0.00000, 17.42979
24-07-31, 13:25:23.230300, 295427256, 0xCCCC, 0310, 3.30000, 2.25319, 24.18000, 24.25000, 24.43000, 24.25000, 2.36601, 0.02337, 2.50784, 3.30000, 3.05663, 3.21216, 3.27985, 3.04857, 3.00586, 0.00000, 0.00000, 17.25071
24-07-31, 13:25:23.240500, 295437457, 0xCCCC, 0311, 3.30000, 2.22579, 24.18000, 24.25000, 24.43000, 24.25000, 2.37568, 0.02176, 2.50703, 3.30000, 3.02601, 3.20652, 3.25084, 3.04857, 3.00586, 0.00000, 0.00000, 17.42979
24-07-31, 13:25:23.250300, 295447247, 0xCCCC, 0312, 3.30000, 2.18549, 24.18000, 24.25000, 24.43000, 24.25000, 2.36198, 0.02740, 2.49897, 3.30000, 3.07194, 3.19604, 3.28952, 3.04938, 3.00586, 0.00000, 0.00000, 17.42979
24-07-31, 13:25:23.260300, 295457229, 0xCCCC, 0313, 3.30000, 2.26769, 24.18000, 24.25000, 24.43000, 24.25000, 2.36440, 0.01934, 2.50784, 3.30000, 3.05099, 3.21780, 3.26535, 3.04938, 3.00586, 0.00000, 0.00000, 17.42979
24-07-31, 13:25:23.270200, 295467234, 0xCCCC, 0314, 3.30000, 2.20564, 24.18000, 24.18000, 24.43000, 24.25000, 2.36762, 0.02015, 2.50784, 3.30000, 3.02117, 3.21297, 3.28469, 3.05099, 3.00586, 0.00000, 0.00000, 17.25071
24-07-31, 13:25:23.280300, 295477244, 0xCCCC, 0315, 3.30000, 2.24674, 24.18000, 24.18000, 24.43000, 24.25000, 2.36198, 0.02176, 2.50784, 3.30000, 3.07436, 3.19766, 3.25165, 3.04938, 3.00586, 0.00000, 0.00000, 17.42979
24-07-31, 13:25:23.290500, 295487461, 0xCCCC, 0316, 3.30000, 2.20081, 24.18000, 24.18000, 24.43000, 24.25000, 2.37245, 0.02095, 2.50864, 3.30000, 3.04454, 3.21377, 3.29758, 3.04857, 3.00586, 0.00000, 0.00000, 17.42979
24-07-31, 13:25:23.300200, 295497229, 0xCCCC, 0317, 3.30000, 2.21773, 24.18000, 24.18000, 24.43000, 24.25000, 2.36601, 0.02095, 2.50784, 3.30000, 3.01473, 3.20733, 3.26535, 3.04535, 3.00586, 0.00000, 0.00000, 17.42979
24-07-31, 13:25:23.310200, 295507234, 0xCCCC, 0318, 3.30000, 2.21370, 24.18000, 24.18000, 24.43000, 24.25000, 2.36278, 0.02418, 2.50784, 3.30000, 3.06711, 3.20168, 3.29355, 3.05099, 3.00667, 0.00000, 0.00000, 17.42979
24-07-31, 13:25:23.320200, 295517228, 0xCCCC, 0319, 3.30000, 2.25722, 24.18000, 24.18000, 24.43000, 24.25000, 2.37568, 0.02256, 2.50784, 3.30000, 3.03729, 3.19282, 3.30000, 3.04696, 3.00667, 0.00000, 0.00000, 17.42979
24-07-31, 13:25:23.330300, 295527251, 0xCCCC, 0320, 3.30000, 2.21451, 24.18000, 24.18000, 24.43000, 24.25000, 2.37004, 0.02256, 2.50864, 3.30000, 3.05824, 3.21216, 3.30000, 3.04857, 3.00586, 0.00000, 0.00000, 17.42979
24-07-31, 13:25:23.340500, 295537454, 0xCCCC, 0321, 3.30000, 2.18066, 24.18000, 24.18000, 24.43000, 24.25000, 2.37810, 0.02418, 2.50784, 3.30000, 3.02762, 3.20652, 3.27099, 3.04857, 3.01070, 0.00000, 0.00000, 17.42979
24-07-31, 13:25:23.350300, 295547244, 0xCCCC, 0322, 3.30000, 2.26286, 24.18000, 24.18000, 24.43000, 24.25000, 2.36359, 0.02337, 2.50864, 3.30000, 3.08161, 3.20007, 3.30000, 3.04857, 3.00586, 0.00000, 0.00000, 17.25071
24-07-31, 13:25:23.360300, 295557244, 0xCCCC, 0323, 3.30000, 2.23465, 24.18000, 24.18000, 24.43000, 24.25000, 2.37245, 0.02176, 2.50864, 3.30000, 3.05099, 3.21780, 3.26857, 3.04857, 3.00667, 0.00000, 0.00000, 17.42979
24-07-31, 13:25:23.370300, 295567251, 0xCCCC, 0324, 3.30000, 2.18872, 24.18000, 24.18000, 24.43000, 24.25000, 2.37165, 0.02256, 2.50864, 3.30000, 3.02117, 3.21780, 3.29758, 3.04696, 3.00586, 0.00000, 0.00000, 17.25071
24-07-31, 13:25:23.380300, 295577260, 0xCCCC, 0325, 3.30000, 2.20484, 24.18000, 24.18000, 24.43000, 24.25000, 2.36198, 0.02095, 2.50784, 3.30000, 3.07355, 3.20491, 3.27985, 3.04938, 3.00505, 0.00000, 0.00000, 17.42979
24-07-31, 13:25:23.390500, 295587468, 0xCCCC, 0326, 3.30000, 2.17582, 24.18000, 24.18000, 24.43000, 24.25000, 2.36842, 0.01773, 2.50784, 3.30000, 3.04454, 3.19927, 3.30000, 3.05099, 3.00586, 0.00000, 0.00000, 17.42979
24-07-31, 13:25:23.400200, 295597228, 0xCCCC, 0327, 3.30000, 2.18791, 24.18000, 24.18000, 24.43000, 24.25000, 2.37084, 0.02337, 2.50784, 3.30000, 3.01473, 3.21861, 3.27421, 3.04938, 3.00828, 0.00000, 0.00000, 17.25071
24-07-31, 13:25:23.410200, 295607236, 0xCCCC, 0328, 3.30000, 2.30960, 24.18000, 24.18000, 24.43000, 24.25000, 2.37165, 0.01612, 2.50784, 3.30000, 3.06469, 3.21780, 3.30000, 3.04857, 3.00586, 0.00000, 0.00000, 17.42979
24-07-31, 13:25:23.420200, 295617229, 0xCCCC, 0329, 3.30000, 2.22579, 24.18000, 24.18000, 24.43000, 24.25000, 2.36117, 0.02256, 2.50864, 3.30000, 3.03568, 3.20491, 3.27099, 3.04938, 3.00586, 0.00000, 0.00000, 17.42979
24-07-31, 13:25:23.430300, 295627251, 0xCCCC, 0330, 3.30000, 2.17824, 24.18000, 24.18000, 24.43000, 24.25000, 2.37971, 0.01934, 2.51429, 3.30000, 3.00505, 3.19604, 3.30000, 3.04938, 3.00505, 0.00000, 0.00000, 17.25071
24-07-31, 13:25:23.440500, 295637448, 0xCCCC, 0331, 3.30000, 2.25641, 24.18000, 24.18000, 24.43000, 24.25000, 2.39663, 0.01853, 2.50784, 3.30000, 3.05905, 3.21700, 3.28469, 3.04938, 3.00667, 0.00000, 0.00000, 17.42979
24-07-31, 13:25:23.450300, 295647239, 0xCCCC, 0332, 3.30000, 2.22095, 24.18000, 24.18000, 24.43000, 24.25000, 2.37487, 0.02095, 2.50784, 3.30000, 3.02923, 3.21136, 3.24923, 3.05018, 3.00667, 0.00000, 0.00000, 17.42979
24-07-31, 13:25:23.460300, 295657240, 0xCCCC, 0333, 3.30000, 2.19033, 24.18000, 24.18000, 24.43000, 24.25000, 2.36681, 0.02498, 2.49978, 3.30000, 3.07355, 3.19846, 3.29436, 3.04938, 3.00586, 0.00000, 0.00000, 17.25071
24-07-31, 13:25:23.470300, 295667249, 0xCCCC, 0334, 3.30000, 2.23868, 24.18000, 24.18000, 24.43000, 24.25000, 2.35875, 0.02015, 2.50784, 3.30000, 3.05260, 3.20007, 3.30000, 3.05099, 3.00586, 0.00000, 0.00000, 17.42979
24-07-31, 13:25:23.480300, 295677257, 0xCCCC, 0335, 3.30000, 2.29751, 24.18000, 24.18000, 24.43000, 24.25000, 2.37648, 0.02418, 2.50864, 3.30000, 3.02198, 3.22264, 3.28630, 3.05341, 3.00586, 0.00000, 0.00000, 17.25071
24-07-31, 13:25:23.490500, 295687461, 0xCCCC, 0336, 3.30000, 2.25399, 24.18000, 24.18000, 24.43000, 24.25000, 2.36601, 0.02256, 2.50784, 3.30000, 3.07516, 3.20249, 3.25810, 3.05018, 3.00586, 0.00000, 0.00000, 17.42979
24-07-31, 13:25:23.500200, 295697230, 0xCCCC, 0337, 3.30000, 2.25077, 24.18000, 24.18000, 24.43000, 24.25000, 2.37971, 0.02418, 2.50864, 3.30000, 3.04535, 3.19524, 3.30000, 3.05018, 3.00667, 0.00000, 0.00000, 17.25071
24-07-31, 13:25:23.510200, 295707236, 0xCCCC, 0338, 3.30000, 2.24755, 24.18000, 24.18000, 24.43000, 24.25000, 2.36520, 0.01209, 2.50864, 3.30000, 3.01473, 3.20571, 3.25165, 3.04938, 3.00667, 0.00000, 0.00000, 17.42979
24-07-31, 13:25:23.520200, 295717228, 0xCCCC, 0339, 3.30000, 2.18308, 24.18000, 24.18000, 24.43000, 24.25000, 2.36681, 0.02498, 2.50784, 3.30000, 3.06791, 3.20813, 3.29597, 3.05260, 3.00586, 0.00000, 0.00000, 17.60886
24-07-31, 13:25:23.530300, 295727253, 0xCCCC, 0340, 3.30000, 2.25319, 24.18000, 24.18000, 24.43000, 24.25000, 2.36842, 0.02176, 2.51026, 3.30000, 3.00828, 3.20330, 3.26535, 3.04938, 3.00667, 0.00000, 0.00000, 17.42979
24-07-31, 13:25:23.540500, 295737468, 0xCCCC, 0341, 3.30000, 2.21773, 24.18000, 24.18000, 24.43000, 24.25000, 2.37810, 0.02095, 2.50703, 3.30000, 3.05985, 3.19604, 3.30000, 3.04938, 3.00586, 0.00000, 0.00000, 17.42979
24-07-31, 13:25:23.550200, 295747237, 0xCCCC, 0342, 3.30000, 2.18952, 24.18000, 24.18000, 24.43000, 24.25000, 2.37004, 0.02095, 2.50784, 3.30000, 3.03004, 3.21377, 3.25810, 3.05179, 3.00667, 0.00000, 0.00000, 17.42979
24-07-31, 13:25:23.560200, 295757228, 0xCCCC, 0343, 3.30000, 2.26527, 24.18000, 24.18000, 24.43000, 24.25000, 2.36520, 0.02015, 2.50623, 3.30000, 3.08161, 3.20813, 3.30000, 3.04938, 3.00586, 0.00000, 0.00000, 17.42979
24-07-31, 13:25:23.570300, 295767243, 0xCCCC, 0344, 3.30000, 2.20161, 24.18000, 24.18000, 24.43000, 24.25000, 2.36681, 0.02256, 2.52073, 3.30000, 3.05179, 3.20249, 3.25326, 3.04938, 3.00667, 0.00000, 0.00000, 16.89255
24-07-31, 13:25:23.580300, 295777259, 0xCCCC, 0345, 3.30000, 2.23062, 24.18000, 24.18000, 24.43000, 24.25000, 2.36520, 0.02095, 2.50784, 3.30000, 3.02278, 3.20088, 3.30000, 3.05018, 3.00667, 0.00000, 0.00000, 17.42979
24-07-31, 13:25:23.590500, 295787469, 0xCCCC, 0346, 3.30000, 2.19919, 24.18000, 24.18000, 24.43000, 24.25000, 2.37004, 0.02418, 2.50784, 3.30000, 3.07597, 3.21377, 3.26374, 3.04857, 3.00667, 0.00000, 0.00000, 17.42979
24-07-31, 13:25:23.600300, 295797228, 0xCCCC, 0347, 3.30000, 2.21289, 24.18000, 24.18000, 24.43000, 24.25000, 2.36520, 0.02015, 2.50784, 3.30000, 3.04615, 3.20652, 3.30000, 3.04857, 3.00586, 0.00000, 0.00000, 17.25071
24-07-31, 13:25:23.610200, 295807237, 0xCCCC, 0348, 3.30000, 2.19678, 24.18000, 24.18000, 24.43000, 24.25000, 2.36681, 0.02256, 2.50864, 3.30000, 3.01714, 3.20168, 3.27905, 3.04938, 3.00586, 0.00000, 0.00000, 17.42979
24-07-31, 13:25:23.620200, 295817230, 0xCCCC, 0349, 3.30000, 2.24271, 24.25000, 24.18000, 24.43000, 24.25000, 2.37890, 0.02095, 2.50864, 3.30000, 3.06952, 3.19524, 3.30000, 3.05018, 3.00586, 0.00000, 0.00000, 17.25071
24-07-31, 13:25:23.630300, 295827253, 0xCCCC, 0350, 3.30000, 2.20403, 24.25000, 24.18000, 24.43000, 24.25000, 2.36923, 0.02256, 2.50784, 3.30000, 3.03971, 3.21216, 3.27260, 3.04777, 3.00586, 0.00000, 0.00000, 17.42979
24-07-31, 13:25:23.640500, 295837457, 0xCCCC, 0351, 3.30000, 2.28139, 24.25000, 24.18000, 24.43000, 24.25000, 2.36278, 0.02337, 2.50864, 3.30000, 3.01070, 3.20571, 3.30000, 3.05018, 3.00586, 0.00000, 0.00000, 17.42979
24-07-31, 13:25:23.650200, 295847238, 0xCCCC, 0352, 3.30000, 2.23788, 24.25000, 24.18000, 24.43000, 24.25000, 2.38857, 0.01853, 2.50864, 3.30000, 3.06308, 3.20007, 3.28711, 3.04938, 3.00586, 0.00000, 0.00000, 17.42979
24-07-31, 13:25:23.660200, 295857229, 0xCCCC, 0353, 3.30000, 2.20725, 24.25000, 24.18000, 24.43000, 24.25000, 2.37487, 0.02256, 2.50864, 3.30000, 3.03326, 3.21700, 3.25245, 3.04938, 3.00586, 0.00000, 0.00000, 17.42979
24-07-31, 13:25:23.670300, 295867241, 0xCCCC, 0354, 3.30000, 2.25238, 24.25000, 24.18000, 24.43000, 24.25000, 2.36520, 0.02015, 2.50784, 3.30000, 3.08967, 3.21136, 3.28227, 3.04938, 3.00586, 0.00000, 0.00000, 17.42979
24-07-31, 13:25:23.680300, 295877255, 0xCCCC, 0355, 3.30000, 2.18308, 24.25000, 24.18000, 24.43000, 24.25000, 2.37648, 0.01773, 2.50220, 3.30000, 3.05582, 3.20491, 3.24601, 3.05099, 3.00586, 0.00000, 0.00000, 17.25071
24-07-31, 13:25:23.690500, 295887460, 0xCCCC, 0356, 3.30000, 2.25963, 24.25000, 24.18000, 24.43000, 24.25000, 2.37004, 0.02095, 2.50784, 3.30000, 3.02601, 3.19927, 3.29516, 3.04293, 3.00586, 0.00000, 0.00000, 17.25071
24-07-31, 13:25:23.700300, 295897229, 0xCCCC, 0357, 3.30000, 2.25883, 24.25000, 24.18000, 24.43000, 24.25000, 2.30476, 0.02337, 2.50864, 3.30000, 3.07919, 3.21700, 3.26293, 3.04777, 3.00586, 0.00000, 0.00000, 17.25071
24-07-31, 13:25:23.710200, 295907237, 0xCCCC, 0358, 3.30000, 2.25802, 24.25000, 24.18000, 24.43000, 24.25000, 2.36278, 0.02256, 2.50784, 3.30000, 3.04857, 3.20007, 3.30000, 3.04938, 3.01070, 0.00000, 0.00000, 17.25071
24-07-31, 13:25:23.720200, 295917228, 0xCCCC, 0359, 3.30000, 2.19597, 24.25000, 24.18000, 24.43000, 24.25000, 2.36359, 0.01612, 2.50864, 3.30000, 3.01553, 3.20088, 3.25487, 3.04938, 3.00586, 0.00081, 0.00000, 17.42979
24-07-31, 13:25:23.730300, 295927254, 0xCCCC, 0360, 3.30000, 2.26286, 24.25000, 24.18000, 24.43000, 24.25000, 2.36278, 0.02015, 2.50864, 3.30000, 3.07194, 3.21055, 3.30000, 3.04938, 3.00586, 0.00000, 0.00000, 17.42979
24-07-31, 13:25:23.740500, 295937452, 0xCCCC, 0361, 3.30000, 2.23062, 24.25000, 24.18000, 24.43000, 24.25000, 2.37568, 0.02095, 2.50784, 3.30000, 3.04212, 3.20652, 3.26938, 3.04938, 3.00586, 0.00000, 0.00000, 17.42979
24-07-31, 13:25:23.750200, 295947238, 0xCCCC, 0362, 3.30000, 2.20081, 24.25000, 24.18000, 24.43000, 24.25000, 2.36278, 0.02337, 2.51267, 3.30000, 3.06388, 3.19927, 3.29597, 3.04535, 3.00586, 0.00000, 0.00000, 17.42979
24-07-31, 13:25:23.760200, 295957227, 0xCCCC, 0363, 3.30000, 2.28945, 24.25000, 24.25000, 24.43000, 24.25000, 2.37326, 0.01853, 2.50703, 3.30000, 3.03971, 3.21780, 3.27179, 3.05018, 3.00667, 0.00000, 0.00000, 17.42979
24-07-31, 13:25:23.770200, 295967239, 0xCCCC, 0364, 3.30000, 2.21370, 24.25000, 24.25000, 24.43000, 24.25000, 2.36681, 0.02498, 2.50864, 3.30000, 3.03407, 3.21055, 3.29275, 3.05018, 3.00586, 0.00000, 0.00000, 17.42979
24-07-31, 13:25:23.780300, 295977247, 0xCCCC, 0365, 3.30000, 2.24352, 24.25000, 24.25000, 24.43000, 24.25000, 2.37568, 0.02176, 2.51026, 3.30000, 3.05744, 3.20571, 3.27905, 3.05018, 3.00667, 0.00000, 0.00000, 17.42979
24-07-31, 13:25:23.790500, 295987459, 0xCCCC, 0366, 3.30000, 2.21612, 24.25000, 24.25000, 24.43000, 24.25000, 2.36359, 0.02337, 2.50784, 3.30000, 3.02762, 3.19927, 3.30000, 3.05099, 3.00667, 0.00000, 0.00000, 17.25071
24-07-31, 13:25:23.800300, 295997244, 0xCCCC, 0367, 3.30000, 2.22982, 24.25000, 24.25000, 24.43000, 24.25000, 2.36762, 0.02337, 2.50864, 3.30000, 3.08081, 3.21458, 3.27179, 3.05099, 3.00586, 0.00000, 0.00000, 16.89255
24-07-31, 13:25:23.810300, 296007254, 0xCCCC, 0368, 3.30000, 2.22337, 24.25000, 24.25000, 24.43000, 24.25000, 2.36359, 0.01934, 2.50864, 3.30000, 3.05179, 3.21055, 3.30000, 3.04938, 3.00586, 0.00000, 0.00000, 17.42979
24-07-31, 13:25:23.820200, 296017229, 0xCCCC, 0369, 3.30000, 2.26447, 24.25000, 24.25000, 24.43000, 24.25000, 2.37326, 0.02176, 2.50703, 3.30000, 3.02198, 3.20652, 3.26857, 3.04777, 3.00667, 0.00000, 0.00000, 17.25071
24-07-31, 13:25:23.830300, 296027254, 0xCCCC, 0370, 3.30000, 2.21853, 24.25000, 24.25000, 24.43000, 24.25000, 2.36278, 0.02176, 2.50784, 3.30000, 3.07436, 3.19927, 3.25245, 3.05018, 3.00586, 0.00000, 0.00000, 17.42979
24-07-31, 13:25:23.840500, 296037460, 0xCCCC, 0371, 3.30000, 2.18952, 24.25000, 24.25000, 24.43000, 24.25000, 2.40711, 0.01289, 2.50864, 3.30000, 3.04293, 3.23473, 3.27824, 3.04938, 3.00667, 0.00000, 0.00000, 17.42979
24-07-31, 13:25:23.850300, 296047239, 0xCCCC, 0372, 3.30000, 2.26447, 24.25000, 24.25000, 24.43000, 24.25000, 2.36762, 0.02095, 2.50864, 3.30000, 3.01473, 3.21055, 3.24762, 3.04938, 3.00586, 0.00000, 0.00000, 17.42979
24-07-31, 13:25:23.860200, 296057229, 0xCCCC, 0373, 3.30000, 2.22740, 24.25000, 24.25000, 24.43000, 24.25000, 2.36198, 0.02095, 2.50784, 3.30000, 3.06791, 3.20491, 3.29516, 3.04857, 3.00586, 0.00000, 0.00000, 17.42979
24-07-31, 13:25:23.870200, 296067238, 0xCCCC, 0374, 3.30000, 2.26769, 24.25000, 24.25000, 24.43000, 24.25000, 2.36520, 0.02256, 2.51187, 3.30000, 3.03729, 3.19927, 3.30000, 3.04857, 3.00747, 0.00000, 0.00000, 17.07163
24-07-31, 13:25:23.880300, 296077244, 0xCCCC, 0375, 3.30000, 2.19839, 24.25000, 24.25000, 24.43000, 24.25000, 2.37810, 0.02095, 2.50784, 3.30000, 3.00908, 3.21619, 3.28711, 3.04938, 3.00667, 0.00000, 0.00000, 17.96702
24-07-31, 13:25:23.890500, 296087452, 0xCCCC, 0376, 3.30000, 2.25963, 24.25000, 24.25000, 24.43000, 24.25000, 2.36117, 0.02015, 2.50542, 3.30000, 3.06066, 3.21055, 3.25648, 3.04938, 3.00586, 0.00000, 0.00000, 17.07163
24-07-31, 13:25:23.900300, 296097242, 0xCCCC, 0377, 3.30000, 2.26689, 24.25000, 24.25000, 24.43000, 24.25000, 2.37245, 0.02176, 2.50784, 3.30000, 3.03165, 3.20410, 3.30000, 3.04696, 3.00586, 0.00000, 0.00000, 17.42979
24-07-31, 13:25:23.910300, 296107252, 0xCCCC, 0378, 3.30000, 2.26125, 24.25000, 24.25000, 24.43000, 24.25000, 2.36923, 0.02337, 2.50784, 3.30000, 3.08484, 3.19685, 3.27099, 3.04857, 3.00586, 0.00000, 0.00000, 17.42979
24-07-31, 13:25:23.920200, 296117228, 0xCCCC, 0379, 3.30000, 2.19597, 24.25000, 24.25000, 24.43000, 24.25000, 2.36762, 0.02095, 2.50784, 3.30000, 3.05421, 3.21458, 3.27744, 3.04938, 3.00505, 0.00000, 0.00000, 17.42979
24-07-31, 13:25:23.930300, 296127256, 0xCCCC, 0380, 3.30000, 2.27011, 24.25000, 24.25000, 24.43000, 24.25000, 2.36117, 0.02256, 2.50784, 3.30000, 3.02440, 3.19846, 3.26374, 3.04938, 3.00586, 0.00000, 0.00000, 17.25071
24-07-31, 13:25:23.940500, 296137465, 0xCCCC, 0381, 3.30000, 2.23143, 24.25000, 24.25000, 24.43000, 24.25000, 2.37084, 0.02337, 2.50703, 3.30000, 3.07758, 3.21619, 3.30000, 3.04777, 3.00667, 0.00000, 0.00000, 17.42979
24-07-31, 13:25:23.950300, 296147239, 0xCCCC, 0382, 3.30000, 2.19839, 24.25000, 24.25000, 24.43000, 24.25000, 2.36359, 0.03304, 2.50864, 3.30000, 3.05179, 3.21055, 3.27341, 3.04938, 3.00667, 0.00000, 0.00000, 17.42979
24-07-31, 13:25:23.960200, 296157228, 0xCCCC, 0383, 3.30000, 2.27333, 24.25000, 24.25000, 24.43000, 24.25000, 2.36842, 0.02095, 2.50784, 3.30000, 3.01714, 3.20410, 3.30000, 3.04938, 3.00586, 0.00000, 0.00000, 17.25071
24-07-31, 13:25:23.970300, 296167240, 0xCCCC, 0384, 3.30000, 2.20967, 24.25000, 24.25000, 24.43000, 24.25000, 2.36359, 0.02498, 2.50784, 3.30000, 3.06872, 3.19766, 3.25165, 3.05099, 3.00747, 0.00000, 0.00000, 17.96702
24-07-31, 13:25:23.980300, 296177246, 0xCCCC, 0385, 3.30000, 2.23868, 24.25000, 24.25000, 24.43000, 24.25000, 2.37729, 0.02418, 2.50864, 3.30000, 3.00747, 3.21538, 3.30000, 3.04938, 3.00667, 0.00000, 0.00000, 17.42979
24-07-31, 13:25:23.990500, 296187495, 0xCCCC, 0386, 3.30000, 2.20564, 24.25000, 24.25000, 24.43000, 24.25000, 2.36601, 0.02418, 2.50864, 3.30000, 3.06147, 3.20813, 3.26454, 3.05018, 3.00667, 0.00000, 0.00000, 17.42979
24-07-31, 13:25:24.000200, 296197228, 0xCCCC, 0387, 3.30000, 2.21934, 24.25000, 24.25000, 24.43000, 24.25000, 2.37004, 0.01934, 2.50945, 3.30000, 3.03245, 3.20249, 3.30000, 3.05018, 3.00586, 0.00000, 0.00000, 17.42979
24-07-31, 13:25:24.010300, 296207243, 0xCCCC, 0388, 3.30000, 2.21451, 24.25000, 24.25000, 24.43000, 24.25000, 2.38132, 0.02256, 2.50784, 3.30000, 3.08484, 3.19604, 3.27663, 3.05018, 3.00667, 0.00000, 0.00000, 17.42979
24-07-31, 13:25:24.020300, 296217244, 0xCCCC, 0389, 3.30000, 2.24674, 24.25000, 24.25000, 24.43000, 24.25000, 2.37165, 0.01934, 2.50864, 3.30000, 3.05502, 3.21458, 3.30000, 3.04857, 3.00747, 0.00000, 0.00000, 17.42979
24-07-31, 13:25:24.030300, 296227271, 0xCCCC, 0390, 3.30000, 2.20564, 24.25000, 24.25000, 24.43000, 24.25000, 2.36440, 0.01934, 2.50864, 3.30000, 3.02601, 3.20733, 3.29033, 3.04938, 3.00586, 0.00000, 0.00000, 17.42979
24-07-31, 13:25:24.040500, 296237465, 0xCCCC, 0391, 3.30000, 2.27978, 24.25000, 24.25000, 24.43000, 24.25000, 2.36440, 0.01853, 2.50542, 3.30000, 3.07597, 3.20088, 3.30000, 3.04938, 3.00586, 0.00000, 0.00000, 16.89255
24-07-31, 13:25:24.050300, 296247241, 0xCCCC, 0392, 3.30000, 2.24996, 24.25000, 24.25000, 24.43000, 24.25000, 2.37890, 0.02256, 2.50864, 3.30000, 3.04857, 3.19524, 3.28791, 3.04535, 3.00505, 0.00000, 0.00000, 17.42979
24-07-31, 13:25:24.060200, 296257230, 0xCCCC, 0393, 3.30000, 2.20725, 24.25000, 24.25000, 24.43000, 24.25000, 2.37245, 0.01612, 2.50784, 3.30000, 3.01795, 3.21297, 3.25326, 3.05018, 3.00828, 0.00000, 0.00000, 17.42979
24-07-31, 13:25:24.070300, 296267240, 0xCCCC, 0394, 3.30000, 2.24835, 24.25000, 24.25000, 24.43000, 24.25000, 2.37729, 0.02015, 2.50864, 3.30000, 3.07194, 3.20733, 3.28147, 3.04938, 3.00586, 0.00000, 0.00000, 17.25071
24-07-31, 13:25:24.080300, 296277243, 0xCCCC, 0395, 3.30000, 2.17179, 24.25000, 24.25000, 24.43000, 24.25000, 2.37971, 0.02659, 2.50623, 3.30000, 3.03487, 3.20088, 3.26454, 3.05018, 3.00747, 0.00000, 0.00000, 17.42979
24-07-31, 13:25:24.090500, 296287458, 0xCCCC, 0396, 3.30000, 2.23788, 24.25000, 24.25000, 24.43000, 24.25000, 2.36278, 0.01692, 2.50784, 3.30000, 3.01231, 3.19846, 3.29516, 3.05421, 3.00586, 0.00000, 0.00000, 17.60886
24-07-31, 13:25:24.100200, 296297230, 0xCCCC, 0397, 3.30000, 2.24996, 24.25000, 24.25000, 24.43000, 24.25000, 2.39341, 0.02418, 2.50784, 3.30000, 3.06388, 3.21297, 3.26212, 3.04696, 3.00586, 0.00000, 0.00000, 17.25071
24-07-31, 13:25:24.110300, 296307241, 0xCCCC, 0398, 3.30000, 2.24593, 24.25000, 24.25000, 24.43000, 24.25000, 2.39985, 0.02176, 2.50784, 3.30000, 3.03407, 3.20652, 3.29033, 3.04615, 3.00989, 0.00000, 0.00000, 17.25071
24-07-31, 13:25:24.120300, 296317241, 0xCCCC, 0399, 3.30000, 2.18066, 24.25000, 24.25000, 24.43000, 24.25000, 2.36601, 0.02579, 2.50784, 3.30000, 3.10337, 3.19927, 3.30000, 3.04212, 3.00505, 0.00000, 0.00000, 17.42979
24-07-31, 13:25:24.130300, 296327270, 0xCCCC, 0400, 3.30000, 2.25238, 24.25000, 24.25000, 24.43000, 24.25000, 2.37165, 0.02176, 2.50864, 3.30000, 3.05744, 3.21216, 3.30000, 3.04938, 3.00667, 0.00000, 0.00000, 17.42979
24-07-31, 13:25:24.140500, 296337465, 0xCCCC, 0401, 3.30000, 2.21370, 24.25000, 24.25000, 24.43000, 24.25000, 2.36842, 0.02015, 2.50784, 3.30000, 3.02762, 3.21216, 3.26857, 3.04696, 3.00667, 0.00000, 0.00000, 17.42979
24-07-31, 13:25:24.150300, 296347241, 0xCCCC, 0402, 3.30000, 2.18227, 24.25000, 24.25000, 24.43000, 24.25000, 2.35714, 0.02176, 2.50784, 3.30000, 3.08000, 3.19846, 3.30000, 3.05099, 3.00586, 0.00000, 0.00000, 16.89255
24-07-31, 13:25:24.160200, 296357228, 0xCCCC, 0403, 3.30000, 2.25722, 24.25000, 24.25000, 24.43000, 24.25000, 2.37648, 0.02095, 2.50864, 3.30000, 3.05099, 3.21458, 3.26535, 3.04938, 3.00586, 0.00000, 0.00000, 17.42979
24-07-31, 13:25:24.170300, 296367242, 0xCCCC, 0404, 3.30000, 2.19678, 24.25000, 24.25000, 24.43000, 24.25000, 2.36520, 0.02256, 2.50784, 3.30000, 3.01553, 3.21941, 3.29114, 3.05018, 3.00667, 0.00000, 0.00000, 17.42979
24-07-31, 13:25:24.180300, 296377246, 0xCCCC, 0405, 3.30000, 2.22337, 24.25000, 24.25000, 24.43000, 24.25000, 2.36278, 0.02176, 2.50864, 3.30000, 3.07516, 3.20168, 3.27744, 3.05018, 3.00586, 0.00000, 0.00000, 17.42979
24-07-31, 13:25:24.190500, 296387461, 0xCCCC, 0406, 3.30000, 2.18791, 24.25000, 24.25000, 24.43000, 24.25000, 2.36762, 0.02095, 2.50945, 3.30000, 3.01392, 3.20491, 3.30000, 3.05099, 3.00667, 0.00000, 0.00000, 16.71347
24-07-31, 13:25:24.200200, 296397228, 0xCCCC, 0407, 3.30000, 2.19678, 24.25000, 24.25000, 24.43000, 24.25000, 2.37407, 0.02418, 2.50703, 3.30000, 3.06711, 3.21619, 3.27099, 3.05099, 3.00667, 0.00000, 0.00000, 16.89255
24-07-31, 13:25:24.210300, 296407242, 0xCCCC, 0408, 3.30000, 2.17824, 24.25000, 24.25000, 24.43000, 24.25000, 2.37648, 0.02256, 2.50864, 3.30000, 3.03729, 3.20571, 3.30000, 3.04938, 3.00586, 0.00000, 0.00000, 17.25071
24-07-31, 13:25:24.220200, 296417229, 0xCCCC, 0409, 3.30000, 2.22821, 24.25000, 24.25000, 24.43000, 24.25000, 2.36842, 0.02176, 2.50864, 3.30000, 3.00828, 3.19927, 3.26777, 3.04857, 3.00586, 0.00000, 0.00000, 17.25071
24-07-31, 13:25:24.230300, 296427259, 0xCCCC, 0410, 3.30000, 2.18872, 24.25000, 24.25000, 24.43000, 24.25000, 2.37084, 0.01934, 2.50784, 3.30000, 3.06147, 3.21700, 3.25084, 3.04857, 3.00586, 0.00000, 0.00000, 17.25071
