sync, uptime, seq, step, SWPMON, adc
0xEEEE, 2030364, 0649, 0004, 1.18300, 4.8526741
0xEEEE, 2033489, 0650, 0005, 1.57868, 4.8580911
0xEEEE, 2036614, 0651, 0005, 1.57868, 4.8478676
0xEEEE, 2039739, 0652, 0006, 1.97436, 4.8606851
0xEEEE, 2042872, 0653, 0006, 1.97839, 4.8493935
0xEEEE, 2045989, 0654, 0007, 2.36762, 4.8639658
0xEEEE, 2049138, 0655, 0007, 2.36762, 4.8506905
0xEEEE, 2052250, 0656, 0007, 2.55538, 4.8536660
0xEEEE, 2055375, 0657, 0007, 2.55136, 4.8571756
0xEEEE, 2058500, 0658, 0006, 2.55297, 4.8606088
0xEEEE, 2061625, 0659, 0006, 2.55458, 4.8650340
0xEEEE, 2064759, 0660, 0005, 2.36681, 4.8501564
0xEEEE, 2067883, 0661, 0005, 1.97275, 4.8538949
0xEEEE, 2070989, 0662, 0004, 1.96469, 4.8458839
0xEEEE, 2074127, 0663, 0004, 1.97355, 4.8658732
0xEEEE, 2077239, 0664, 0003, 1.57788, 4.8535134
0xEEEE, 2080364, 0665, 0003, 1.57788, 4.8599222
0xEEEE, 2083489, 0666, 0002, 1.18220, 4.8393988
0xEEEE, 2086614, 0667, 0002, 1.18381, 4.8525978
0xEEEE, 2089739, 0668, 0001, 0.78894, 4.8551156
0xEEEE, 2092878, 0669, 0001, 0.35458, 4.8608377
0xEEEE, 2096035, 0670, 0000, 0.39245, 4.8600748
0xEEEE, 2099141, 0671, 0000, 0.39084, 4.8492409
0xEEEE, 2102247, 0672, 0000, 0.01209, 4.8588540
0xEEEE, 2105372, 0673, 0000, 0.01128, 4.8519112
0xEEEE, 2108498, 0674, 0001, 0.01209, 4.8633555
0xEEEE, 2111633, 0675, 0001, 0.01128, 4.8521401
0xEEEE, 2114739, 0676, 0002, 0.39407, 4.8607614
0xEEEE, 2117871, 0677, 0002, 0.78894, 4.8521401
0xEEEE, 2120989, 0678, 0003, 0.78813, 4.8513771
0xEEEE, 2124126, 0679, 0003, 0.80667, 4.8535134
0xEEEE, 2127239, 0680, 0004, 1.19509, 4.8565652
0xEEEE, 2130364, 0681, 0004, 1.19187, 4.8631266
0xEEEE, 2133489, 0682, 0005, 1.59319, 4.8501564
0xEEEE, 2136620, 0683, 0005, 1.53355, 4.8596170
0xEEEE, 2139749, 0684, 0006, 1.97275, 4.8548867
0xEEEE, 2142883, 0685, 0006, 2.36842, 4.8651102
0xEEEE, 2146013, 0686, 0007, 2.37165, 4.8471046
0xEEEE, 2149146, 0687, 0007, 2.36681, 4.8551919
0xEEEE, 2152250, 0688, 0007, 2.55136, 4.8471809
0xEEEE, 2155375, 0689, 0007, 2.55780, 4.8557259
0xEEEE, 2158489, 0690, 0006, 2.54974, 4.8556497
0xEEEE, 2161614, 0691, 0006, 2.55136, 4.8549630
0xEEEE, 2164739, 0692, 0005, 2.34022, 4.8616007
0xEEEE, 2167872, 0693, 0005, 1.97355, 4.8477913
0xEEEE, 2170989, 0694, 0004, 1.97194, 4.8582437
0xEEEE, 2174130, 0695, 0004, 1.97678, 4.8532082
0xEEEE, 2177239, 0696, 0003, 1.58110, 4.8673228
0xEEEE, 2180366, 0697, 0003, 1.55612, 4.8570230
0xEEEE, 2183497, 0698, 0002, 1.21846, 4.8552682
0xEEEE, 2186622, 0699, 0002, 1.18300, 4.8518349
0xEEEE, 2189748, 0700, 0001, 0.77443, 4.8536660
0xEEEE, 2192881, 0701, 0001, 0.79458, 4.8648814
0xEEEE, 2196078, 0702, 0000, 0.39326, 4.8574807
0xEEEE, 2199141, 0703, 0000, 0.39245, 4.8581674
0xEEEE, 2202239, 0704, 0000, 0.01209, 4.8574044
0xEEEE, 2205364, 0705, 0000, 0.01128, 4.8606851
0xEEEE, 2208497, 0706, 0001, 0.01209, 4.8598459
0xEEEE, 2211614, 0707, 0001, 0.39245, 4.8662547
0xEEEE, 2214739, 0708, 0002, 0.39326, 4.8518349
0xEEEE, 2217872, 0709, 0002, 0.38923, 4.8529030
0xEEEE, 2220989, 0710, 0003, 0.78491, 4.8569467
0xEEEE, 2224132, 0711, 0003, 0.78894, 4.8545815
0xEEEE, 2227250, 0712, 0004, 1.18220, 4.8620584
0xEEEE, 2230375, 0713, 0004, 1.18220, 4.8457313
0xEEEE, 2233506, 0714, 0005, 1.58029, 4.8593118
0xEEEE, 2236625, 0715, 0005, 1.97033, 4.8393988
0xEEEE, 2239750, 0716, 0006, 1.98564, 4.8614481
0xEEEE, 2242883, 0717, 0006, 1.97355, 4.8589303
0xEEEE, 2245989, 0718, 0007, 2.36681, 4.8610666
0xEEEE, 2249139, 0719, 0007, 2.36359, 4.8570993
0xEEEE, 2252240, 0720, 0007, 2.55055, 4.8529030
0xEEEE, 2255364, 0721, 0007, 2.55136, 4.8520638
0xEEEE, 2258489, 0722, 0006, 2.53121, 4.8484779
0xEEEE, 2261614, 0723, 0006, 2.36601, 4.8605325
0xEEEE, 2264739, 0724, 0005, 2.36762, 4.8488594
0xEEEE, 2267872, 0725, 0005, 2.40791, 4.8612192
0xEEEE, 2270998, 0726, 0004, 1.97275, 4.8494697
0xEEEE, 2274135, 0727, 0004, 1.97275, 4.8626688
0xEEEE, 2277248, 0728, 0003, 1.57949, 4.8617533
0xEEEE, 2280383, 0729, 0003, 1.58029, 4.8600748
0xEEEE, 2283498, 0730, 0002, 1.18542, 4.8529793
0xEEEE, 2286622, 0731, 0002, 0.78813, 4.8500801
0xEEEE, 2289747, 0732, 0001, 0.78733, 4.8647288
0xEEEE, 2292889, 0733, 0001, 0.78733, 4.8588540
0xEEEE, 2296033, 0734, 0000, 0.39165, 4.8664073
0xEEEE, 2299133, 0735, 0000, 0.42630, 4.8534371
0xEEEE, 2302239, 0736, 0000, 0.01128, 4.8570993
0xEEEE, 2305364, 0737, 0000, 0.01209, 4.8463416
0xEEEE, 2308489, 0738, 0001, 0.01209, 4.8640421
0xEEEE, 2311614, 0739, 0001, 0.39729, 4.8632029
0xEEEE, 2314748, 0740, 0002, 0.38842, 4.8567178
0xEEEE, 2317882, 0741, 0002, 0.39165, 4.8546578
0xEEEE, 2321000, 0742, 0003, 0.78733, 4.8493935
0xEEEE, 2324138, 0743, 0003, 0.78733, 4.8627451
0xEEEE, 2327250, 0744, 0004, 1.18300, 4.8567178
0xEEEE, 2330375, 0745, 0004, 1.18300, 4.8624399
0xEEEE, 2333500, 0746, 0005, 1.57788, 4.8439002
0xEEEE, 2336614, 0747, 0005, 1.96549, 4.8579385
0xEEEE, 2339749, 0748, 0006, 1.97275, 4.8469520
0xEEEE, 2342871, 0749, 0006, 1.97194, 4.8589303
0xEEEE, 2345989, 0750, 0007, 2.36520, 4.8592355
0xEEEE, 2349132, 0751, 0007, 2.36681, 4.8492409
0xEEEE, 2352239, 0752, 0007, 2.55619, 4.8580148
0xEEEE, 2355364, 0753, 0007, 2.51993, 4.8480201
0xEEEE, 2358494, 0754, 0006, 2.55055, 4.8657969
0xEEEE, 2361622, 0755, 0006, 2.56425, 4.8472572
0xEEEE, 2364748, 0756, 0005, 2.36762, 4.8616770
0xEEEE, 2367880, 0757, 0005, 2.36681, 4.8416114
0xEEEE, 2370999, 0758, 0004, 1.97919, 4.8593118
0xEEEE, 2374136, 0759, 0004, 1.99370, 4.8553445
0xEEEE, 2377256, 0760, 0003, 1.57868, 4.8590066
0xEEEE, 2380364, 0761, 0003, 1.18300, 4.8564889
0xEEEE, 2383489, 0762, 0002, 1.18381, 4.8444343
0xEEEE, 2386614, 0763, 0002, 1.18300, 4.8555734
0xEEEE, 2389739, 0764, 0001, 0.78894, 4.8477913
0xEEEE, 2392872, 0765, 0001, 0.75026, 4.8649577
0xEEEE, 2396023, 0766, 0000, 0.39487, 4.8587015
0xEEEE, 2399138, 0767, 0000, 0.39326, 4.8645762
0xEEEE, 2402244, 0768, 0000, 0.01209, 4.8429084
0xEEEE, 2405375, 0769, 0000, 0.01209, 4.8610666
0xEEEE, 2408499, 0770, 0001, 0.01209, 4.8535134
0xEEEE, 2411625, 0771, 0001, 0.01209, 4.8619059
0xEEEE, 2414751, 0772, 0002, 0.39165, 4.8565652
0xEEEE, 2417883, 0773, 0002, 0.39245, 4.8477913
0xEEEE, 2421014, 0774, 0003, 0.77766, 4.8582437
0xEEEE, 2424149, 0775, 0003, 0.79458, 4.8508431
0xEEEE, 2427239, 0776, 0004, 1.19026, 4.8626688
0xEEEE, 2430364, 0777, 0004, 1.58513, 4.8541238
0xEEEE, 2433489, 0778, 0005, 1.58835, 4.8556497
0xEEEE, 2436614, 0779, 0005, 1.57223, 4.8515297
0xEEEE, 2439739, 0780, 0006, 1.97758, 4.8561837
0xEEEE, 2442872, 0781, 0006, 1.97355, 4.8577859
0xEEEE, 2445990, 0782, 0007, 2.36198, 4.8561837
0xEEEE, 2449139, 0783, 0007, 2.34828, 4.8603037
0xEEEE, 2452247, 0784, 0007, 2.55055, 4.8440528
0xEEEE, 2455373, 0785, 0007, 2.54974, 4.8628214
0xEEEE, 2458498, 0786, 0006, 2.58842, 4.8519112
0xEEEE, 2461631, 0787, 0006, 2.55136, 4.8635843
0xEEEE, 2464747, 0788, 0005, 2.35553, 4.8479438
0xEEEE, 2467880, 0789, 0005, 2.36601, 4.8545815
0xEEEE, 2470989, 0790, 0004, 1.97275, 4.8549630
0xEEEE, 2474127, 0791, 0004, 1.97194, 4.8630503
0xEEEE, 2477239, 0792, 0003, 1.58190, 4.8632792
0xEEEE, 2480364, 0793, 0003, 1.19348, 4.8526741
0xEEEE, 2483489, 0794, 0002, 1.19429, 4.8517586
0xEEEE, 2486614, 0795, 0002, 1.19429, 4.8465705
0xEEEE, 2489739, 0796, 0001, 0.79297, 4.8616770
0xEEEE, 2492882, 0797, 0001, 0.78974, 4.8566415
0xEEEE, 2496038, 0798, 0000, 0.39326, 4.8674754
0xEEEE, 2499145, 0799, 0000, 0.39165, 4.8429847
0xEEEE, 2502251, 0800, 0000, 0.01128, 4.8566415
0xEEEE, 2505375, 0801, 0000, 0.01209, 4.8580148
0xEEEE, 2508511, 0802, 0001, 0.01209, 4.8570993
0xEEEE, 2511625, 0803, 0001, 0.01209, 4.8588540
0xEEEE, 2514739, 0804, 0002, 0.38681, 4.8520638
0xEEEE, 2517871, 0805, 0002, 0.38681, 4.8609903
0xEEEE, 2520989, 0806, 0003, 0.78813, 4.8522164
0xEEEE, 2524126, 0807, 0003, 1.18220, 4.8661784
0xEEEE, 2527239, 0808, 0004, 1.18381, 4.8548867
0xEEEE, 2530364, 0809, 0004, 1.18462, 4.8648814
0xEEEE, 2533489, 0810, 0005, 1.57868, 4.8528267
0xEEEE, 2536622, 0811, 0005, 1.57868, 4.8510719
0xEEEE, 2539747, 0812, 0006, 1.97436, 4.8501564
0xEEEE, 2542880, 0813, 0006, 1.94615, 4.8558022
0xEEEE, 2546017, 0814, 0007, 2.36762, 4.8650340
0xEEEE, 2549135, 0815, 0007, 2.55216, 4.8438239
0xEEEE, 2552247, 0816, 0007, 2.54410, 4.8601511
0xEEEE, 2555372, 0817, 0007, 2.55136, 4.8480201
0xEEEE, 2558489, 0818, 0006, 2.55297, 4.8636606
0xEEEE, 2561614, 0819, 0006, 2.55136, 4.8537423
0xEEEE, 2564739, 0820, 0005, 2.36520, 4.8569467
0xEEEE, 2567871, 0821, 0005, 2.37084, 4.8574807
0xEEEE, 2570989, 0822, 0004, 1.99289, 4.8530556
0xEEEE, 2574131, 0823, 0004, 1.57707, 4.8602274
0xEEEE, 2577239, 0824, 0003, 1.57788, 4.8524453
0xEEEE, 2580372, 0825, 0003, 1.57788, 4.8654154
0xEEEE, 2583500, 0826, 0002, 1.18300, 4.8484779
0xEEEE, 2586625, 0827, 0002, 1.18300, 4.8607614
0xEEEE, 2589750, 0828, 0001, 0.78813, 4.8582437
0xEEEE, 2592892, 0829, 0001, 0.78813, 4.8624399
0xEEEE, 2596038, 0830, 0000, 0.32637, 4.8548104
0xEEEE, 2599144, 0831, 0000, 0.01128, 4.8538949
0xEEEE, 2602239, 0832, 0000, 0.01209, 4.8551919
0xEEEE, 2605372, 0833, 0000, 0.01209, 4.8515297
0xEEEE, 2608489, 0834, 0001, 0.01209, 4.8650340
0xEEEE, 2611614, 0835, 0001, 0.01209, 4.8527504
0xEEEE, 2614739, 0836, 0002, 0.39245, 4.8607614
0xEEEE, 2617871, 0837, 0002, 0.39326, 4.8492409
0xEEEE, 2620989, 0838, 0003, 0.78813, 4.8591592
0xEEEE, 2624136, 0839, 0003, 1.15319, 4.8587778
0xEEEE, 2627248, 0840, 0004, 1.21040, 4.8590066
0xEEEE, 2630372, 0841, 0004, 1.20718, 4.8576333
0xEEEE, 2633498, 0842, 0005, 1.58110, 4.8525978
0xEEEE, 2636623, 0843, 0005, 1.57949, 4.8558785
0xEEEE, 2639748, 0844, 0006, 1.97355, 4.8490120
0xEEEE, 2642881, 0845, 0006, 1.97275, 4.8616770
0xEEEE, 2645989, 0846, 0007, 2.35553, 4.8489357
0xEEEE, 2649126, 0847, 0007, 2.55216, 4.8574044
0xEEEE, 2652249, 0848, 0007, 2.54974, 4.8531319
0xEEEE, 2655364, 0849, 0007, 2.57231, 4.8627451
0xEEEE, 2658489, 0850, 0006, 2.55136, 4.8541238
0xEEEE, 2661614, 0851, 0006, 2.55055, 4.8585489
0xEEEE, 2664739, 0852, 0005, 2.34103, 4.8555734
0xEEEE, 2667873, 0853, 0005, 2.36601, 4.8488594
0xEEEE, 2671014, 0854, 0004, 1.97355, 4.8616770
0xEEEE, 2674138, 0855, 0004, 1.97758, 4.8469520
0xEEEE, 2677260, 0856, 0003, 1.57062, 4.8636606
0xEEEE, 2680376, 0857, 0003, 1.57062, 4.8505379
0xEEEE, 2683501, 0858, 0002, 1.15560, 4.8602274
0xEEEE, 2686624, 0859, 0002, 1.15722, 4.8459602
0xEEEE, 2689758, 0860, 0001, 0.79538, 4.8564126
0xEEEE, 2692872, 0861, 0001, 0.39487, 4.8556497
0xEEEE, 2696035, 0862, 0000, 0.39165, 4.8535134
0xEEEE, 2699134, 0863, 0000, 0.39084, 4.8605325
0xEEEE, 2702239, 0864, 0000, 0.01128, 4.8423743
0xEEEE, 2705364, 0865, 0000, 0.01451, 4.8605325
0xEEEE, 2708489, 0866, 0001, 0.01128, 4.8542000
0xEEEE, 2711614, 0867, 0001, 0.01209, 4.8654917
0xEEEE, 2714747, 0868, 0002, 0.44081, 4.8561837
0xEEEE, 2717880, 0869, 0002, 0.78410, 4.8593118
0xEEEE, 2720998, 0870, 0003, 0.78733, 4.8448920
0xEEEE, 2724135, 0871, 0003, 0.78894, 4.8570230
0xEEEE, 2727248, 0872, 0004, 1.18139, 4.8677043
0xEEEE, 2730372, 0873, 0004, 1.18462, 4.8526741
0xEEEE, 2733497, 0874, 0005, 1.57949, 4.8601511
0xEEEE, 2736625, 0875, 0005, 1.57788, 4.8480964
0xEEEE, 2739739, 0876, 0006, 1.95985, 4.8638132
0xEEEE, 2742871, 0877, 0006, 2.36681, 4.8598459
0xEEEE, 2745989, 0878, 0007, 2.36520, 4.8647288
0xEEEE, 2749131, 0879, 0007, 2.37004, 4.8416114
0xEEEE, 2752240, 0880, 0007, 2.55700, 4.8552682
0xEEEE, 2755364, 0881, 0007, 2.55055, 4.8571756
0xEEEE, 2758499, 0882, 0006, 2.54330, 4.8638132
0xEEEE, 2761625, 0883, 0006, 2.55136, 4.8606851
0xEEEE, 2764749, 0884, 0005, 2.36681, 4.8513008
0xEEEE, 2767883, 0885, 0005, 1.98725, 4.8587778
0xEEEE, 2771013, 0886, 0004, 1.93568, 4.8454261
0xEEEE, 2774147, 0887, 0004, 1.97275, 4.8614481
0xEEEE, 2777250, 0888, 0003, 1.57949, 4.8608377
0xEEEE, 2780364, 0889, 0003, 1.57868, 4.8613718
0xEEEE, 2783489, 0890, 0002, 1.18300, 4.8551156
0xEEEE, 2786614, 0891, 0002, 1.18300, 4.8590066
0xEEEE, 2789739, 0892, 0001, 0.78974, 4.8618296
0xEEEE, 2792872, 0893, 0001, 0.39326, 4.8483253
0xEEEE, 2796023, 0894, 0000, 0.39165, 4.8671702
0xEEEE, 2799136, 0895, 0000, 0.39810, 4.8551919
0xEEEE, 2802246, 0896, 0000, 0.01128, 4.8630503
0xEEEE, 2805372, 0897, 0000, 0.01128, 4.8550393
0xEEEE, 2808497, 0898, 0001, 0.01209, 4.8628977
0xEEEE, 2811622, 0899, 0001, 0.01209, 4.8649577
0xEEEE, 2814748, 0900, 0002, 0.39245, 4.8558022
0xEEEE, 2817880, 0901, 0002, 0.39487, 4.8496986
0xEEEE, 2821022, 0902, 0003, 0.78733, 4.8484016
0xEEEE, 2824136, 0903, 0003, 0.79297, 4.8641184
0xEEEE, 2827239, 0904, 0004, 1.21040, 4.8578622
0xEEEE, 2830364, 0905, 0004, 1.17736, 4.8654154
0xEEEE, 2833489, 0906, 0005, 1.60125, 4.8430610
0xEEEE, 2836614, 0907, 0005, 1.97275, 4.8566415
0xEEEE, 2839739, 0908, 0006, 1.97275, 4.8517586
0xEEEE, 2842871, 0909, 0006, 1.97275, 4.8555734
0xEEEE, 2845994, 0910, 0007, 2.36601, 4.8580148
0xEEEE, 2849138, 0911, 0007, 2.36681, 4.8479438
0xEEEE, 2852250, 0912, 0007, 2.54974, 4.8534371
0xEEEE, 2855375, 0913, 0007, 2.56022, 4.8477150
0xEEEE, 2858508, 0914, 0006, 2.55055, 4.8621347
0xEEEE, 2861625, 0915, 0006, 2.36440, 4.8545052
0xEEEE, 2864750, 0916, 0005, 2.38938, 4.8618296
0xEEEE, 2867883, 0917, 0005, 2.36762, 4.8580148
0xEEEE, 2870990, 0918, 0004, 1.97275, 4.8590829
0xEEEE, 2874127, 0919, 0004, 1.97597, 4.8577859
0xEEEE, 2877240, 0920, 0003, 1.56015, 4.8612192
0xEEEE, 2880364, 0921, 0003, 1.61011, 4.8595407
0xEEEE, 2883489, 0922, 0002, 1.15883, 4.8545052
0xEEEE, 2886614, 0923, 0002, 0.78168, 4.8548104
0xEEEE, 2889740, 0924, 0001, 0.80505, 4.8454261
0xEEEE, 2892880, 0925, 0001, 0.78330, 4.8629740
0xEEEE, 2896036, 0926, 0000, 0.39326, 4.8612955
0xEEEE, 2899142, 0927, 0000, 0.39245, 4.8571756
0xEEEE, 2902248, 0928, 0000, 0.01209, 4.8571756
0xEEEE, 2905383, 0929, 0000, 0.01209, 4.8561837
0xEEEE, 2908497, 0930, 0001, 0.01370, 4.8592355
0xEEEE, 2911614, 0931, 0001, 0.39245, 4.8628214
0xEEEE, 2914739, 0932, 0002, 0.37956, 4.8602274
0xEEEE, 2917879, 0933, 0002, 0.39004, 4.8451209
0xEEEE, 2920989, 0934, 0003, 0.78894, 4.8598459
0xEEEE, 2924127, 0935, 0003, 0.78652, 4.8570230
0xEEEE, 2927239, 0936, 0004, 1.18381, 4.8665599
0xEEEE, 2930364, 0937, 0004, 1.18381, 4.8574807
0xEEEE, 2933489, 0938, 0005, 1.57868, 4.8565652
0xEEEE, 2936625, 0939, 0005, 1.97436, 4.8535897
0xEEEE, 2939750, 0940, 0006, 1.97033, 4.8535134
0xEEEE, 2942888, 0941, 0006, 1.94777, 4.8644236
0xEEEE, 2946014, 0942, 0007, 2.36601, 4.8574044
0xEEEE, 2949139, 0943, 0007, 2.36762, 4.8599222
0xEEEE, 2952250, 0944, 0007, 2.59890, 4.8467231
0xEEEE, 2955375, 0945, 0007, 2.55216, 4.8603037
0xEEEE, 2958489, 0946, 0006, 2.55458, 4.8546578
0xEEEE, 2961614, 0947, 0006, 2.37004, 4.8666361
0xEEEE, 2964739, 0948, 0005, 2.36681, 4.8533608
0xEEEE, 2967871, 0949, 0005, 2.36198, 4.8519112
0xEEEE, 2970989, 0950, 0004, 2.01223, 4.8574044
0xEEEE, 2974130, 0951, 0004, 1.97436, 4.8590829
0xEEEE, 2977239, 0952, 0003, 1.57868, 4.8605325
0xEEEE, 2980372, 0953, 0003, 1.57868, 4.8561837
0xEEEE, 2983497, 0954, 0002, 1.18381, 4.8611429
0xEEEE, 2986622, 0955, 0002, 1.18300, 4.8560311
0xEEEE, 2989757, 0956, 0001, 0.78813, 4.8609903
0xEEEE, 2992881, 0957, 0001, 0.78813, 4.8567178
0xEEEE, 2996036, 0958, 0000, 0.37150, 4.8535897
0xEEEE, 2999141, 0959, 0000, 0.38359, 4.8538186
0xEEEE, 3002248, 0960, 0000, 0.01209, 4.8509957
0xEEEE, 3005364, 0961, 0000, 0.01128, 4.8567178
0xEEEE, 3008489, 0962, 0001, 0.01209, 4.8540475
0xEEEE, 3011614, 0963, 0001, 0.01209, 4.8624399
0xEEEE, 3014739, 0964, 0002, 0.39487, 4.8460365
0xEEEE, 3017871, 0965, 0002, 0.39245, 4.8586252
0xEEEE, 3020989, 0966, 0003, 0.78813, 4.8590829
0xEEEE, 3024138, 0967, 0003, 0.75832, 4.8601511
0xEEEE, 3027250, 0968, 0004, 1.21604, 4.8620584
0xEEEE, 3030375, 0969, 0004, 1.59319, 4.8564889
0xEEEE, 3033500, 0970, 0005, 1.58271, 4.8580148
0xEEEE, 3036625, 0971, 0005, 1.57868, 4.8477913
0xEEEE, 3039750, 0972, 0006, 1.97275, 4.8580911
0xEEEE, 3042882, 0973, 0006, 1.97436, 4.8470283
0xEEEE, 3045989, 0974, 0007, 2.38293, 4.8664073
0xEEEE, 3049149, 0975, 0007, 2.36842, 4.8501564
0xEEEE, 3052239, 0976, 0007, 2.55297, 4.8570230
0xEEEE, 3055364, 0977, 0007, 2.56183, 4.8590066
0xEEEE, 3058489, 0978, 0006, 2.55136, 4.8579385
0xEEEE, 3061614, 0979, 0006, 2.54974, 4.8529030
0xEEEE, 3064740, 0980, 0005, 2.38293, 4.8505379
0xEEEE, 3067875, 0981, 0005, 2.36520, 4.8554208
0xEEEE, 3070998, 0982, 0004, 1.97436, 4.8530556
0xEEEE, 3074140, 0983, 0004, 1.97678, 4.8648814
0xEEEE, 3077248, 0984, 0003, 1.59158, 4.8626688
0xEEEE, 3080373, 0985, 0003, 1.14513, 4.8605325
0xEEEE, 3083498, 0986, 0002, 1.14996, 4.8460365
0xEEEE, 3086630, 0987, 0002, 1.20557, 4.8548867
0xEEEE, 3089739, 0988, 0001, 0.78652, 4.8594644
0xEEEE, 3092872, 0989, 0001, 0.79297, 4.8596170
0xEEEE, 3096033, 0990, 0000, 0.39165, 4.8609140
0xEEEE, 3099133, 0991, 0000, 0.39326, 4.8529030
0xEEEE, 3102239, 0992, 0000, 0.01370, 4.8587015
0xEEEE, 3105364, 0993, 0000, 0.01128, 4.8419928
0xEEEE, 3108489, 0994, 0001, 0.01209, 4.8661021
0xEEEE, 3111617, 0995, 0001, 0.01209, 4.8562600
0xEEEE, 3114750, 0996, 0002, 0.42791, 4.8595407
0xEEEE, 3117883, 0997, 0002, 0.40293, 4.8509194
0xEEEE, 3121013, 0998, 0003, 0.78813, 4.8532082
0xEEEE, 3124138, 0999, 0003, 0.78894, 4.8576333
0xEEEE, 3127250, 1000, 0004, 1.18300, 4.8570993
0xEEEE, 3130375, 1001, 0004, 1.18381, 4.8675517
0xEEEE, 3133510, 1002, 0005, 1.58029, 4.8496223
0xEEEE, 3136614, 1003, 0005, 1.57707, 4.8603799
0xEEEE, 3139739, 1004, 0006, 1.96388, 4.8459602
0xEEEE, 3142871, 1005, 0006, 1.93810, 4.8654917
0xEEEE, 3145989, 1006, 0007, 2.36681, 4.8580911
0xEEEE, 3149130, 1007, 0007, 2.55216, 4.8550393
0xEEEE, 3152239, 1008, 0007, 2.53121, 4.8556497
0xEEEE, 3155364, 1009, 0007, 2.55055, 4.8520638
0xEEEE, 3158497, 1010, 0006, 2.55377, 4.8636606
0xEEEE, 3161622, 1011, 0006, 2.55055, 4.8563363
0xEEEE, 3164747, 1012, 0005, 2.36681, 4.8651102
0xEEEE, 3167880, 1013, 0005, 2.37084, 4.8413825
0xEEEE, 3171018, 1014, 0004, 1.99128, 4.8602274
0xEEEE, 3174135, 1015, 0004, 1.57788, 4.8578622
0xEEEE, 3177247, 1016, 0003, 1.57788, 4.8639658
0xEEEE, 3180364, 1017, 0003, 1.57788, 4.8641184
0xEEEE, 3183489, 1018, 0002, 1.18462, 4.8556497
0xEEEE, 3186614, 1019, 0002, 1.18462, 4.8599222
0xEEEE, 3189740, 1020, 0001, 0.78733, 4.8545815
0xEEEE, 3192871, 1021, 0001, 0.78813, 4.8631266
0xEEEE, 3196023, 1022, 0000, 0.36103, 4.8553445
0xEEEE, 3199138, 1023, 0000, 0.01209, 4.8618296
0xEEEE, 3202250, 1024, 0000, 0.01209, 4.8484779
0xEEEE, 3205375, 1025, 0000, 0.01209, 4.8616770
0xEEEE, 3208500, 1026, 0001, 0.01209, 4.8531319
0xEEEE, 3211625, 1027, 0001, 0.01209, 4.8634318
0xEEEE, 3214750, 1028, 0002, 0.39245, 4.8513771
0xEEEE, 3217893, 1029, 0002, 0.39245, 4.8521401
0xEEEE, 3221014, 1030, 0003, 0.78894, 4.8616007
0xEEEE, 3224138, 1031, 0003, 1.14593, 4.8560311
0xEEEE, 3227239, 1032, 0004, 1.21685, 4.8680095
0xEEEE, 3230364, 1033, 0004, 1.20557, 4.8502327
0xEEEE, 3233489, 1034, 0005, 1.57868, 4.8532082
0xEEEE, 3236614, 1035, 0005, 1.57868, 4.8508431
0xEEEE, 3239739, 1036, 0006, 1.97355, 4.8603037
0xEEEE, 3242871, 1037, 0006, 1.97355, 4.8570230
0xEEEE, 3245996, 1038, 0007, 2.36117, 4.8563363
0xEEEE, 3249135, 1039, 0007, 2.55136, 4.8566415
0xEEEE, 3252248, 1040, 0007, 2.55136, 4.8587015
0xEEEE, 3255379, 1041, 0007, 2.55861, 4.8638132
0xEEEE, 3258497, 1042, 0006, 2.55136, 4.8658732
0xEEEE, 3261623, 1043, 0006, 2.55136, 4.8679332
0xEEEE, 3264747, 1044, 0005, 2.38374, 4.8551156
0xEEEE, 3267880, 1045, 0005, 2.36842, 4.8598459
0xEEEE, 3270989, 1046, 0004, 1.97436, 4.8464942
0xEEEE, 3274126, 1047, 0004, 1.58271, 4.8622110
0xEEEE, 3277239, 1048, 0003, 1.57143, 4.8569467
0xEEEE, 3280364, 1049, 0003, 1.59722, 4.8595407
0xEEEE, 3283489, 1050, 0002, 1.20557, 4.8591592
0xEEEE, 3286614, 1051, 0002, 1.17172, 4.8493172
0xEEEE, 3289744, 1052, 0001, 0.78088, 4.8653391
0xEEEE, 3292883, 1053, 0001, 0.79297, 4.8540475
0xEEEE, 3296038, 1054, 0000, 0.39165, 4.8644236
0xEEEE, 3299145, 1055, 0000, 0.39245, 4.8481727
0xEEEE, 3302259, 1056, 0000, 0.01209, 4.8565652
0xEEEE, 3305375, 1057, 0000, 0.01370, 4.8546578
0xEEEE, 3308500, 1058, 0001, 0.01209, 4.8585489
0xEEEE, 3311614, 1059, 0001, 0.01128, 4.8706035
0xEEEE, 3314748, 1060, 0002, 0.38117, 4.8516060
0xEEEE, 3317871, 1061, 0002, 0.79055, 4.8652628
0xEEEE, 3320989, 1062, 0003, 0.78894, 4.8487068
0xEEEE, 3324127, 1063, 0003, 0.78733, 4.8644236
0xEEEE, 3327239, 1064, 0004, 1.18220, 4.8538949
0xEEEE, 3330364, 1065, 0004, 1.18220, 4.8628977
0xEEEE, 3333490, 1066, 0005, 1.57949, 4.8518349
0xEEEE, 3336622, 1067, 0005, 1.57788, 4.8569467
0xEEEE, 3339747, 1068, 0006, 1.96952, 4.8627451
0xEEEE, 3342880, 1069, 0006, 2.38132, 4.8587015
0xEEEE, 3345999, 1070, 0007, 2.36762, 4.8590066
0xEEEE, 3349135, 1071, 0007, 2.36440, 4.8479438
0xEEEE, 3352248, 1072, 0007, 2.53363, 4.8576333
0xEEEE, 3355364, 1073, 0007, 2.55055, 4.8518349
0xEEEE, 3358489, 1074, 0006, 2.56264, 4.8647288
0xEEEE, 3361624, 1075, 0006, 2.56264, 4.8501564
0xEEEE, 3364739, 1076, 0005, 2.36842, 4.8616007
0xEEEE, 3367871, 1077, 0005, 1.97839, 4.8556497
0xEEEE, 3370989, 1078, 0004, 1.98081, 4.8601511
0xEEEE, 3374132, 1079, 0004, 1.97275, 4.8603799
0xEEEE, 3377243, 1080, 0003, 1.57788, 4.8531319
0xEEEE, 3380375, 1081, 0003, 1.57949, 4.8628214
0xEEEE, 3383500, 1082, 0002, 1.18381, 4.8483253
0xEEEE, 3386632, 1083, 0002, 1.18220, 4.8605325
0xEEEE, 3389750, 1084, 0001, 0.78894, 4.8574807
0xEEEE, 3392883, 1085, 0001, 0.39245, 4.8622110
0xEEEE, 3396039, 1086, 0000, 0.39245, 4.8572519
0xEEEE, 3399153, 1087, 0000, 0.38359, 4.8591592
0xEEEE, 3402239, 1088, 0000, 0.01128, 4.8444343
0xEEEE, 3405364, 1089, 0000, 0.01209, 4.8606851
0xEEEE, 3408489, 1090, 0001, 0.01370, 4.8644236
0xEEEE, 3411614, 1091, 0001, 0.01209, 4.8513008
0xEEEE, 3414739, 1092, 0002, 0.39165, 4.8638895
0xEEEE, 3417871, 1093, 0002, 0.78894, 4.8482490
0xEEEE, 3420989, 1094, 0003, 0.78894, 4.8606851
0xEEEE, 3424138, 1095, 0003, 0.78813, 4.8612955
0xEEEE, 3427248, 1096, 0004, 1.15560, 4.8624399
0xEEEE, 3430372, 1097, 0004, 1.23216, 4.8583200
0xEEEE, 3433498, 1098, 0005, 1.57949, 4.8502327
0xEEEE, 3436622, 1099, 0005, 1.57788, 4.8524453
0xEEEE, 3439748, 1100, 0006, 1.97355, 4.8546578
0xEEEE, 3442880, 1101, 0006, 2.29751, 4.8632792
0xEEEE, 3446021, 1102, 0007, 2.36359, 4.8503853
0xEEEE, 3449127, 1103, 0007, 2.36762, 4.8594644
0xEEEE, 3452239, 1104, 0007, 2.55377, 4.8527504
0xEEEE, 3455364, 1105, 0007, 2.54733, 4.8621347
0xEEEE, 3458489, 1106, 0006, 2.55216, 4.8660258
0xEEEE, 3461614, 1107, 0006, 2.55377, 4.8608377
0xEEEE, 3464739, 1108, 0005, 2.41355, 4.8582437
0xEEEE, 3467880, 1109, 0005, 2.36762, 4.8552682
0xEEEE, 3471000, 1110, 0004, 1.97436, 4.8542763
0xEEEE, 3474138, 1111, 0004, 1.96630, 4.8528267
0xEEEE, 3477250, 1112, 0003, 1.57062, 4.8657206
0xEEEE, 3480375, 1113, 0003, 1.57223, 4.8478676
0xEEEE, 3483508, 1114, 0002, 1.23136, 4.8590829
0xEEEE, 3486625, 1115, 0002, 0.79941, 4.8463416
0xEEEE, 3489739, 1116, 0001, 0.77846, 4.8586252
0xEEEE, 3492871, 1117, 0001, 0.79055, 4.8615244
0xEEEE, 3496034, 1118, 0000, 0.39084, 4.8577859
0xEEEE, 3499133, 1119, 0000, 0.39326, 4.8481727
0xEEEE, 3502240, 1120, 0000, 0.01209, 4.8530556
0xEEEE, 3505364, 1121, 0000, 0.01128, 4.8626688
0xEEEE, 3508489, 1122, 0001, 0.01209, 4.8566415
0xEEEE, 3511618, 1123, 0001, 0.39326, 4.8581674
0xEEEE, 3514747, 1124, 0002, 0.39084, 4.8498512
0xEEEE, 3517880, 1125, 0002, 0.38037, 4.8591592
0xEEEE, 3520998, 1126, 0003, 0.78733, 4.8533608
0xEEEE, 3524135, 1127, 0003, 0.78571, 4.8607614
0xEEEE, 3527247, 1128, 0004, 1.18381, 4.8591592
0xEEEE, 3530383, 1129, 0004, 1.18220, 4.8509194
0xEEEE, 3533489, 1130, 0005, 1.57949, 4.8509957
0xEEEE, 3536614, 1131, 0005, 1.97114, 4.8490883
0xEEEE, 3539739, 1132, 0006, 1.98242, 4.8663310
0xEEEE, 3542872, 1133, 0006, 1.97275, 4.8564126
0xEEEE, 3545989, 1134, 0007, 2.36923, 4.8659495
0xEEEE, 3549131, 1135, 0007, 2.36762, 4.8549630
0xEEEE, 3552239, 1136, 0007, 2.55216, 4.8499275
0xEEEE, 3555368, 1137, 0007, 2.55055, 4.8484016
0xEEEE, 3558500, 1138, 0006, 2.55941, 4.8562600
0xEEEE, 3561625, 1139, 0006, 2.36681, 4.8629740
0xEEEE, 3564751, 1140, 0005, 2.36842, 4.8580148
0xEEEE, 3567890, 1141, 0005, 2.39099, 4.8643473
0xEEEE, 3571014, 1142, 0004, 1.97355, 4.8520638
0xEEEE, 3574138, 1143, 0004, 1.97194, 4.8640421
0xEEEE, 3577239, 1144, 0003, 1.57868, 4.8522164
0xEEEE, 3580364, 1145, 0003, 1.57868, 4.8610666
0xEEEE, 3583489, 1146, 0002, 1.18220, 4.8494697
0xEEEE, 3586614, 1147, 0002, 0.78652, 4.8527504
0xEEEE, 3589739, 1148, 0001, 0.78733, 4.8561837
0xEEEE, 3592871, 1149, 0001, 0.78813, 4.8546578
0xEEEE, 3596024, 1150, 0000, 0.40938, 4.8591592
0xEEEE, 3599135, 1151, 0000, 0.41502, 4.8503090
0xEEEE, 3602247, 1152, 0000, 0.01209, 4.8601511
0xEEEE, 3605372, 1153, 0000, 0.01209, 4.8552682
0xEEEE, 3608498, 1154, 0001, 0.01209, 4.8659495
0xEEEE, 3611623, 1155, 0001, 0.01209, 4.8542000
0xEEEE, 3614758, 1156, 0002, 0.38923, 4.8622873
0xEEEE, 3617880, 1157, 0002, 0.39326, 4.8502327
0xEEEE, 3620989, 1158, 0003, 0.78813, 4.8582437
0xEEEE, 3624126, 1159, 0003, 0.78813, 4.8528267
0xEEEE, 3627248, 1160, 0004, 1.18462, 4.8595407
0xEEEE, 3630364, 1161, 0004, 1.57868, 4.8558785
0xEEEE, 3633489, 1162, 0005, 1.57868, 4.8487068
0xEEEE, 3636614, 1163, 0005, 1.57868, 4.8576333
0xEEEE, 3639739, 1164, 0006, 1.97436, 4.8528267
0xEEEE, 3642872, 1165, 0006, 1.97436, 4.8646525
0xEEEE, 3646000, 1166, 0007, 2.34667, 4.8492409
0xEEEE, 3649138, 1167, 0007, 2.36681, 4.8564889
0xEEEE, 3652255, 1168, 0007, 2.54894, 4.8459602
0xEEEE, 3655376, 1169, 0007, 2.55136, 4.8531319
0xEEEE, 3658500, 1170, 0006, 2.55216, 4.8564889
0xEEEE, 3661624, 1171, 0006, 2.54410, 4.8522164
0xEEEE, 3664750, 1172, 0005, 2.39824, 4.8609903
0xEEEE, 3667871, 1173, 0005, 2.36762, 4.8533608
0xEEEE, 3670989, 1174, 0004, 1.97275, 4.8636606
0xEEEE, 3674137, 1175, 0004, 1.97194, 4.8561074
0xEEEE, 3677239, 1176, 0003, 1.61011, 4.8602274
0xEEEE, 3680364, 1177, 0003, 1.18542, 4.8542763
0xEEEE, 3683489, 1178, 0002, 1.18381, 4.8550393
0xEEEE, 3686614, 1179, 0002, 1.12095, 4.8548867
0xEEEE, 3689747, 1180, 0001, 0.82278, 4.8527504
0xEEEE, 3692880, 1181, 0001, 0.77927, 4.8651865
0xEEEE, 3696035, 1182, 0000, 0.39407, 4.8546578
0xEEEE, 3699151, 1183, 0000, 0.39326, 4.8622110
0xEEEE, 3702248, 1184, 0000, 0.01209, 4.8463416
0xEEEE, 3705373, 1185, 0000, 0.01209, 4.8615244
0xEEEE, 3708498, 1186, 0001, 0.01209, 4.8524453
0xEEEE, 3711622, 1187, 0001, 0.01209, 4.8636606
0xEEEE, 3714739, 1188, 0002, 0.39648, 4.8579385
0xEEEE, 3717871, 1189, 0002, 0.37714, 4.8532082
0xEEEE, 3720989, 1190, 0003, 0.78894, 4.8592355
0xEEEE, 3724133, 1191, 0003, 0.78974, 4.8547341
0xEEEE, 3727239, 1192, 0004, 1.18220, 4.8628977
0xEEEE, 3730364, 1193, 0004, 1.57868, 4.8525978
0xEEEE, 3733495, 1194, 0005, 1.57868, 4.8577096
0xEEEE, 3736625, 1195, 0005, 1.57465, 4.8469520
0xEEEE, 3739750, 1196, 0006, 2.00901, 4.8599222
0xEEEE, 3742882, 1197, 0006, 1.97275, 4.8696880
0xEEEE, 3746014, 1198, 0007, 2.36842, 4.8534371
0xEEEE, 3749139, 1199, 0007, 2.36601, 4.8574044
0xEEEE, 3752251, 1200, 0007, 2.55216, 4.8499275
0xEEEE, 3755364, 1201, 0007, 2.55136, 4.8627451
0xEEEE, 3758499, 1202, 0006, 2.55861, 4.8558022
0xEEEE, 3761614, 1203, 0006, 2.55297, 4.8700694
0xEEEE, 3764739, 1204, 0005, 2.36601, 4.8448920
0xEEEE, 3767872, 1205, 0005, 2.37890, 4.8557259
0xEEEE, 3770989, 1206, 0004, 1.97436, 4.8529793
0xEEEE, 3774129, 1207, 0004, 1.97436, 4.8584726
0xEEEE, 3777243, 1208, 0003, 1.57868, 4.8615244
0xEEEE, 3780372, 1209, 0003, 1.57949, 4.8570230
0xEEEE, 3783497, 1210, 0002, 1.18300, 4.8591592
0xEEEE, 3786623, 1211, 0002, 1.18300, 4.8530556
0xEEEE, 3789748, 1212, 0001, 0.78813, 4.8642710
0xEEEE, 3792880, 1213, 0001, 0.78813, 4.8570230
0xEEEE, 3796042, 1214, 0000, 0.39729, 4.8638895
0xEEEE, 3799141, 1215, 0000, 0.01128, 4.8468757
0xEEEE, 3802239, 1216, 0000, 0.01209, 4.8596933
0xEEEE, 3805364, 1217, 0000, 0.01209, 4.8596933
0xEEEE, 3808489, 1218, 0001, 0.01128, 4.8552682
0xEEEE, 3811614, 1219, 0001, 0.01209, 4.8622110
0xEEEE, 3814739, 1220, 0002, 0.39245, 4.8485542
0xEEEE, 3817872, 1221, 0002, 0.39245, 4.8580148
0xEEEE, 3820992, 1222, 0003, 0.78894, 4.8516060
0xEEEE, 3824137, 1223, 0003, 1.16689, 4.8633555
0xEEEE, 3827250, 1224, 0004, 1.21846, 4.8527504
0xEEEE, 3830375, 1225, 0004, 1.21443, 4.8612192
0xEEEE, 3833500, 1226, 0005, 1.61414, 4.8509194
0xEEEE, 3836625, 1227, 0005, 1.57868, 4.8568704
0xEEEE, 3839749, 1228, 0006, 1.97436, 4.8585489
0xEEEE, 3842893, 1229, 0006, 1.97436, 4.8608377
0xEEEE, 3845989, 1230, 0007, 2.36278, 4.8606851
0xEEEE, 3849127, 1231, 0007, 2.55216, 4.8526741
0xEEEE, 3852239, 1232, 0007, 2.55216, 4.8613718
0xEEEE, 3855364, 1233, 0007, 2.56103, 4.8484779
0xEEEE, 3858489, 1234, 0006, 2.55216, 4.8657969
0xEEEE, 3861614, 1235, 0006, 2.54974, 4.8514534
0xEEEE, 3864739, 1236, 0005, 2.36681, 4.8595407
0xEEEE, 3867880, 1237, 0005, 2.36842, 4.8575570
0xEEEE, 3870998, 1238, 0004, 1.97194, 4.8561074
0xEEEE, 3874135, 1239, 0004, 1.57626, 4.8638895
0xEEEE, 3877249, 1240, 0003, 1.57868, 4.8528267
0xEEEE, 3880381, 1241, 0003, 1.62220, 4.8575570
0xEEEE, 3883497, 1242, 0002, 1.23136, 4.8506905
0xEEEE, 3886622, 1243, 0002, 1.13304, 4.8606088
0xEEEE, 3889739, 1244, 0001, 0.77121, 4.8554208
0xEEEE, 3892871, 1245, 0001, 0.79700, 4.8652628
0xEEEE, 3896023, 1246, 0000, 0.39407, 4.8527504
0xEEEE, 3899133, 1247, 0000, 0.01209, 4.8477913
0xEEEE, 3902239, 1248, 0000, 0.01128, 4.8528267
0xEEEE, 3905364, 1249, 0000, 0.01209, 4.8506142
0xEEEE, 3908489, 1250, 0001, 0.01209, 4.8619059
0xEEEE, 3911625, 1251, 0001, 0.01209, 4.8587778
0xEEEE, 3914750, 1252, 0002, 0.40374, 4.8632029
0xEEEE, 3917882, 1253, 0002, 0.39084, 4.8465705
0xEEEE, 3921014, 1254, 0003, 0.78491, 4.8575570
0xEEEE, 3924138, 1255, 0003, 0.79055, 4.8546578
0xEEEE, 3927261, 1256, 0004, 1.18300, 4.8597696
0xEEEE, 3930375, 1257, 0004, 1.18381, 4.8672465
0xEEEE, 3933489, 1258, 0005, 1.58110, 4.8547341
0xEEEE, 3936614, 1259, 0005, 1.58029, 4.8564889
0xEEEE, 3939739, 1260, 0006, 1.96952, 4.8558785
0xEEEE, 3942871, 1261, 0006, 2.36681, 4.8662547
0xEEEE, 3945989, 1262, 0007, 2.36601, 4.8570993
0xEEEE, 3949130, 1263, 0007, 2.37165, 4.8616007
0xEEEE, 3952239, 1264, 0007, 2.58601, 4.8476387
0xEEEE, 3955369, 1265, 0007, 2.55136, 4.8589303
0xEEEE, 3958497, 1266, 0006, 2.53363, 4.8595407
0xEEEE, 3961622, 1267, 0006, 2.55297, 4.8597696
0xEEEE, 3964754, 1268, 0005, 2.36842, 4.8585489
0xEEEE, 3967881, 1269, 0005, 1.99773, 4.8454261
0xEEEE, 3970998, 1270, 0004, 2.02029, 4.8632792
0xEEEE, 3974135, 1271, 0004, 1.97436, 4.8529793
0xEEEE, 3977239, 1272, 0003, 1.58029, 4.8702220
0xEEEE, 3980364, 1273, 0003, 1.57868, 4.8558022
0xEEEE, 3983489, 1274, 0002, 1.18462, 4.8567941
0xEEEE, 3986614, 1275, 0002, 1.18462, 4.8539712
0xEEEE, 3989739, 1276, 0001, 0.78813, 4.8559548
0xEEEE, 3992872, 1277, 0001, 0.39165, 4.8625925
0xEEEE, 3996023, 1278, 0000, 0.32960, 4.8580911
0xEEEE, 3999144, 1279, 0000, 0.40132, 4.8513008
0xEEEE, 4002250, 1280, 0000, 0.01209, 4.8460365
0xEEEE, 4005375, 1281, 0000, 0.01209, 4.8632029
0xEEEE, 4008500, 1282, 0001, 0.01209, 4.8555734
0xEEEE, 4011634, 1283, 0001, 0.01209, 4.8637369
0xEEEE, 4014750, 1284, 0002, 0.39245, 4.8498512
0xEEEE, 4017883, 1285, 0002, 0.78733, 4.8534371
0xEEEE, 4020989, 1286, 0003, 0.78813, 4.8567178
0xEEEE, 4024146, 1287, 0003, 0.78088, 4.8533608
0xEEEE, 4027239, 1288, 0004, 1.16689, 4.8687724
0xEEEE, 4030364, 1289, 0004, 1.15802, 4.8538949
0xEEEE, 4033489, 1290, 0005, 1.61656, 4.8577096
0xEEEE, 4036614, 1291, 0005, 1.57868, 4.8554971
0xEEEE, 4039739, 1292, 0006, 1.97275, 4.8641947
0xEEEE, 4042872, 1293, 0006, 2.36681, 4.8567941
0xEEEE, 4045998, 1294, 0007, 2.36681, 4.8643473
0xEEEE, 4049138, 1295, 0007, 2.36762, 4.8537423
0xEEEE, 4052248, 1296, 0007, 2.55377, 4.8548104
0xEEEE, 4055373, 1297, 0007, 2.56022, 4.8664836
0xEEEE, 4058498, 1298, 0006, 2.55216, 4.8562600
0xEEEE, 4061622, 1299, 0006, 2.55136, 4.8606851
0xEEEE, 4064739, 1300, 0005, 2.38293, 4.8496223
0xEEEE, 4067871, 1301, 0005, 1.97516, 4.8590829
0xEEEE, 4071000, 1302, 0004, 1.97355, 4.8551919
0xEEEE, 4074127, 1303, 0004, 1.97597, 4.8612955
0xEEEE, 4077239, 1304, 0003, 1.57143, 4.8574044
0xEEEE, 4080364, 1305, 0003, 1.56015, 4.8561837
0xEEEE, 4083489, 1306, 0002, 1.19832, 4.8489357
0xEEEE, 4086614, 1307, 0002, 1.17817, 4.8513771
0xEEEE, 4089750, 1308, 0001, 0.78168, 4.8581674
0xEEEE, 4092882, 1309, 0001, 0.78813, 4.8592355
0xEEEE, 4096077, 1310, 0000, 0.39084, 4.8661784
0xEEEE, 4099145, 1311, 0000, 0.39084, 4.8514534
0xEEEE, 4102250, 1312, 0000, 0.01209, 4.8597696
0xEEEE, 4105375, 1313, 0000, 0.01209, 4.8467231
0xEEEE, 4108509, 1314, 0001, 0.01370, 4.8601511
0xEEEE, 4111614, 1315, 0001, 0.39245, 4.8541238
0xEEEE, 4114739, 1316, 0002, 0.40535, 4.8509194
0xEEEE, 4117871, 1317, 0002, 0.39648, 4.8569467
0xEEEE, 4120989, 1318, 0003, 0.78974, 4.8530556
0xEEEE, 4124129, 1319, 0003, 0.78813, 4.8680095
0xEEEE, 4127240, 1320, 0004, 1.18300, 4.8552682
0xEEEE, 4130364, 1321, 0004, 1.18300, 4.8618296
0xEEEE, 4133497, 1322, 0005, 1.57788, 4.8504616
0xEEEE, 4136622, 1323, 0005, 1.97114, 4.8590829
0xEEEE, 4139747, 1324, 0006, 1.96872, 4.8565652
0xEEEE, 4142880, 1325, 0006, 1.94374, 4.8554971
0xEEEE, 4145998, 1326, 0007, 2.36601, 4.8558022
0xEEEE, 4149135, 1327, 0007, 2.36601, 4.8506142
0xEEEE, 4152247, 1328, 0007, 2.50945, 4.8615244
0xEEEE, 4155383, 1329, 0007, 2.55055, 4.8560311
0xEEEE, 4158489, 1330, 0006, 2.55055, 4.8683909
0xEEEE, 4161614, 1331, 0006, 2.36681, 4.8622110
0xEEEE, 4164739, 1332, 0005, 2.36842, 4.8612955
0xEEEE, 4167871, 1333, 0005, 2.36762, 4.8516823
0xEEEE, 4170989, 1334, 0004, 1.97516, 4.8641947
0xEEEE, 4174132, 1335, 0004, 1.97355, 4.8591592
0xEEEE, 4177249, 1336, 0003, 1.57868, 4.8567178
0xEEEE, 4180375, 1337, 0003, 1.57949, 4.8571756
0xEEEE, 4183500, 1338, 0002, 1.18300, 4.8461128
0xEEEE, 4186625, 1339, 0002, 0.78733, 4.8606851
0xEEEE, 4189750, 1340, 0001, 0.78894, 4.8499275
0xEEEE, 4192892, 1341, 0001, 0.78733, 4.8647288
0xEEEE, 4196038, 1342, 0000, 0.38601, 4.8552682
0xEEEE, 4199145, 1343, 0000, 0.38601, 4.8540475
0xEEEE, 4202239, 1344, 0000, 0.01209, 4.8567178
0xEEEE, 4205364, 1345, 0000, 0.01209, 4.8542000
0xEEEE, 4208489, 1346, 0001, 0.01209, 4.8629740
0xEEEE, 4211614, 1347, 0001, 0.39004, 4.8526741
0xEEEE, 4214739, 1348, 0002, 0.39245, 4.8628214
0xEEEE, 4217871, 1349, 0002, 0.39245, 4.8427558
0xEEEE, 4220994, 1350, 0003, 0.78813, 4.8592355
0xEEEE, 4224135, 1351, 0003, 0.75026, 4.8585489
0xEEEE, 4227247, 1352, 0004, 1.19912, 4.8609140
0xEEEE, 4230373, 1353, 0004, 1.20799, 4.8587015
0xEEEE, 4233497, 1354, 0005, 1.60850, 4.8575570
0xEEEE, 4236623, 1355, 0005, 1.57868, 4.8629740
0xEEEE, 4239758, 1356, 0006, 1.97355, 4.8521401
0xEEEE, 4242881, 1357, 0006, 1.97355, 4.8661784
0xEEEE, 4245989, 1358, 0007, 2.36198, 4.8500801
0xEEEE, 4249126, 1359, 0007, 2.41033, 4.8603037
0xEEEE, 4252239, 1360, 0007, 2.54974, 4.8528267
0xEEEE, 4255364, 1361, 0007, 2.53766, 4.8607614
0xEEEE, 4258489, 1362, 0006, 2.55216, 4.8593118
0xEEEE, 4261614, 1363, 0006, 2.55377, 4.8621347
0xEEEE, 4264741, 1364, 0005, 2.36601, 4.8609140
0xEEEE, 4267882, 1365, 0005, 2.36681, 4.8509957
0xEEEE, 4271013, 1366, 0004, 1.97275, 4.8594644
0xEEEE, 4274138, 1367, 0004, 1.97436, 4.8536660
0xEEEE, 4277258, 1368, 0003, 1.57626, 4.8664073
0xEEEE, 4280375, 1369, 0003, 1.19590, 4.8465705
0xEEEE, 4283500, 1370, 0002, 1.19026, 4.8596933
0xEEEE, 4286614, 1371, 0002, 1.18945, 4.8504616
0xEEEE, 4289739, 1372, 0001, 0.79216, 4.8564889
0xEEEE, 4292872, 1373, 0001, 0.78813, 4.8622110
0xEEEE, 4296024, 1374, 0000, 0.39165, 4.8642710
0xEEEE, 4299134, 1375, 0000, 0.39326, 4.8603799
0xEEEE, 4302239, 1376, 0000, 0.01209, 4.8512245
0xEEEE, 4305364, 1377, 0000, 0.01209, 4.8644999
0xEEEE, 4308489, 1378, 0001, 0.01209, 4.8529030
0xEEEE, 4311622, 1379, 0001, 0.01289, 4.8662547
0xEEEE, 4314748, 1380, 0002, 0.40857, 4.8563363
0xEEEE, 4317880, 1381, 0002, 0.39568, 4.8539712
0xEEEE, 4320999, 1382, 0003, 0.78733, 4.8586252
0xEEEE, 4324146, 1383, 0003, 0.78813, 4.8524453
0xEEEE, 4327247, 1384, 0004, 1.18381, 4.8601511
0xEEEE, 4330372, 1385, 0004, 1.57868, 4.8561837
0xEEEE, 4333489, 1386, 0005, 1.57868, 4.8593118
0xEEEE, 4336622, 1387, 0005, 1.57868, 4.8485542
0xEEEE, 4339739, 1388, 0006, 1.97678, 4.8671702
0xEEEE, 4342871, 1389, 0006, 1.97033, 4.8506905
0xEEEE, 4345989, 1390, 0007, 2.36762, 4.8661784
0xEEEE, 4349131, 1391, 0007, 2.36601, 4.8516823
0xEEEE, 4352239, 1392, 0007, 2.55941, 4.8546578
0xEEEE, 4355375, 1393, 0007, 2.55136, 4.8541238
0xEEEE, 4358500, 1394, 0006, 2.55136, 4.8560311
0xEEEE, 4361628, 1395, 0006, 2.54330, 4.8583963
0xEEEE, 4364750, 1396, 0005, 2.36842, 4.8488594
0xEEEE, 4367883, 1397, 0005, 2.36601, 4.8547341
0xEEEE, 4371013, 1398, 0004, 1.98967, 4.8597696
0xEEEE, 4374138, 1399, 0004, 2.02271, 4.8645762
0xEEEE, 4377240, 1400, 0003, 1.57788, 4.8603037
0xEEEE, 4380364, 1401, 0003, 1.18542, 4.8631266
0xEEEE, 4383489, 1402, 0002, 1.18300, 4.8545052
0xEEEE, 4386614, 1403, 0002, 1.18300, 4.8501564
0xEEEE, 4389739, 1404, 0001, 0.78813, 4.8612192
0xEEEE, 4392871, 1405, 0001, 0.78813, 4.8600748
0xEEEE, 4396023, 1406, 0000, 0.38037, 4.8621347
0xEEEE, 4399142, 1407, 0000, 0.39568, 4.8468757
0xEEEE, 4402247, 1408, 0000, 0.01209, 4.8585489
0xEEEE, 4405372, 1409, 0000, 0.01209, 4.8505379
0xEEEE, 4408508, 1410, 0001, 0.01209, 4.8606088
0xEEEE, 4411623, 1411, 0001, 0.01209, 4.8504616
0xEEEE, 4414748, 1412, 0002, 0.39245, 4.8552682
0xEEEE, 4417880, 1413, 0002, 0.39326, 4.8517586
0xEEEE, 4421019, 1414, 0003, 0.81070, 4.8483253
0xEEEE, 4424126, 1415, 0003, 1.17897, 4.8616007
0xEEEE, 4427239, 1416, 0004, 1.17575, 4.8555734
0xEEEE, 4430364, 1417, 0004, 1.18864, 4.8640421
0xEEEE, 4433489, 1418, 0005, 1.58674, 4.8519112
0xEEEE, 4436614, 1419, 0005, 1.56256, 4.8593881
0xEEEE, 4439740, 1420, 0006, 1.97355, 4.8565652
0xEEEE, 4442877, 1421, 0006, 1.97355, 4.8577859
0xEEEE, 4446000, 1422, 0007, 2.36681, 4.8597696
0xEEEE, 4449138, 1423, 0007, 2.55297, 4.8537423
0xEEEE, 4452250, 1424, 0007, 2.55136, 4.8531319
0xEEEE, 4455376, 1425, 0007, 2.54974, 4.8513771
0xEEEE, 4458500, 1426, 0006, 2.55297, 4.8650340
0xEEEE, 4461625, 1427, 0006, 2.55136, 4.8569467
0xEEEE, 4464739, 1428, 0005, 2.36520, 4.8596933
0xEEEE, 4467894, 1429, 0005, 2.41194, 4.8496986
0xEEEE, 4470989, 1430, 0004, 1.97194, 4.8582437
0xEEEE, 4474127, 1431, 0004, 1.57868, 4.8603799
0xEEEE, 4477239, 1432, 0003, 1.57626, 4.8545815
0xEEEE, 4480364, 1433, 0003, 1.58190, 4.8597696
0xEEEE, 4483489, 1434, 0002, 1.17897, 4.8507668
0xEEEE, 4486615, 1435, 0002, 1.17817, 4.8618296
0xEEEE, 4489747, 1436, 0001, 0.79055, 4.8483253
0xEEEE, 4492880, 1437, 0001, 0.78813, 4.8656443
0xEEEE, 4496036, 1438, 0000, 0.39165, 4.8458839
0xEEEE, 4499141, 1439, 0000, 0.01209, 4.8593118
0xEEEE, 4502248, 1440, 0000, 0.01209, 4.8488594
0xEEEE, 4505380, 1441, 0000, 0.01128, 4.8554208
0xEEEE, 4508489, 1442, 0001, 0.01209, 4.8664836
0xEEEE, 4511614, 1443, 0001, 0.01209, 4.8567178
0xEEEE, 4514739, 1444, 0002, 0.39890, 4.8622110
0xEEEE, 4517871, 1445, 0002, 0.39407, 4.8513771
0xEEEE, 4520989, 1446, 0003, 0.78894, 4.8595407
0xEEEE, 4524131, 1447, 0003, 1.18300, 4.8484779
0xEEEE, 4527239, 1448, 0004, 1.18381, 4.8669413
0xEEEE, 4530366, 1449, 0004, 1.18300, 4.8577096
0xEEEE, 4533500, 1450, 0005, 1.57868, 4.8512245
0xEEEE, 4536625, 1451, 0005, 1.57868, 4.8458076
0xEEEE, 4539750, 1452, 0006, 1.97114, 4.8510719
0xEEEE, 4542883, 1453, 0006, 1.96872, 4.8697642
0xEEEE, 4546013, 1454, 0007, 2.36601, 4.8500801
0xEEEE, 4549138, 1455, 0007, 2.36601, 4.8592355
0xEEEE, 4552261, 1456, 0007, 2.54813, 4.8448157
0xEEEE, 4555364, 1457, 0007, 2.55136, 4.8638132
0xEEEE, 4558489, 1458, 0006, 2.55377, 4.8582437
0xEEEE, 4561614, 1459, 0006, 2.53282, 4.8574044
0xEEEE, 4564739, 1460, 0005, 2.36762, 4.8580148
0xEEEE, 4567871, 1461, 0005, 1.96872, 4.8500038
0xEEEE, 4570989, 1462, 0004, 1.96227, 4.8504616
0xEEEE, 4574130, 1463, 0004, 1.97355, 4.8519112
0xEEEE, 4577247, 1464, 0003, 1.57868, 4.8651102
0xEEEE, 4580372, 1465, 0003, 1.57788, 4.8424506
0xEEEE, 4583497, 1466, 0002, 1.18300, 4.8593881
0xEEEE, 4586623, 1467, 0002, 1.18381, 4.8596170
0xEEEE, 4589756, 1468, 0001, 0.78894, 4.8630503
0xEEEE, 4592881, 1469, 0001, 0.32960, 4.8644236
0xEEEE, 4596036, 1470, 0000, 0.40293, 4.8544289
0xEEEE, 4599141, 1471, 0000, 0.38923, 4.8639658
0xEEEE, 4602239, 1472, 0000, 0.01209, 4.8477150
0xEEEE, 4605364, 1473, 0000, 0.01209, 4.8582437
0xEEEE, 4608489, 1474, 0001, 0.01209, 4.8542763
0xEEEE, 4611614, 1475, 0001, 0.01209, 4.8671702
0xEEEE, 4614739, 1476, 0002, 0.39245, 4.8476387
0xEEEE, 4617871, 1477, 0002, 0.78813, 4.8564126
0xEEEE, 4620999, 1478, 0003, 0.81956, 4.8539712
0xEEEE, 4624138, 1479, 0003, 0.77685, 4.8644236
0xEEEE, 4627251, 1480, 0004, 1.18381, 4.8574807
0xEEEE, 4630375, 1481, 0004, 1.17656, 4.8561074
0xEEEE, 4633500, 1482, 0005, 1.55773, 4.8559548
0xEEEE, 4636635, 1483, 0005, 1.56176, 4.8450446
0xEEEE, 4639750, 1484, 0006, 1.97436, 4.8643473
0xEEEE, 4642882, 1485, 0006, 2.36681, 4.8582437
0xEEEE, 4645989, 1486, 0007, 2.36601, 4.8600748
0xEEEE, 4649135, 1487, 0007, 2.33377, 4.8525216
0xEEEE, 4652239, 1488, 0007, 2.55055, 4.8573281
0xEEEE, 4655364, 1489, 0007, 2.55136, 4.8534371
0xEEEE, 4658489, 1490, 0006, 2.55055, 4.8648814
0xEEEE, 4661614, 1491, 0006, 2.54974, 4.8612955
0xEEEE, 4664743, 1492, 0005, 2.36037, 4.8523690
0xEEEE, 4667880, 1493, 0005, 1.97516, 4.8560311
0xEEEE, 4670998, 1494, 0004, 1.97516, 4.8511482
0xEEEE, 4674142, 1495, 0004, 1.97355, 4.8649577
0xEEEE, 4677248, 1496, 0003, 1.57546, 4.8532082
0xEEEE, 4680372, 1497, 0003, 1.57949, 4.8626688
0xEEEE, 4683498, 1498, 0002, 1.18139, 4.8454261
0xEEEE, 4686614, 1499, 0002, 1.17736, 4.8565652
0xEEEE, 4689739, 1500, 0001, 0.79055, 4.8594644
0xEEEE, 4692872, 1501, 0001, 0.39165, 4.8618296
0xEEEE, 4696043, 1502, 0000, 0.39245, 4.8658732
0xEEEE, 4699137, 1503, 0000, 0.39326, 4.8512245
0xEEEE, 4702239, 1504, 0000, 0.01209, 4.8592355
0xEEEE, 4705364, 1505, 0000, 0.01128, 4.8496223
0xEEEE, 4708492, 1506, 0001, 0.01128, 4.8621347
0xEEEE, 4711625, 1507, 0001, 0.01128, 4.8522164
0xEEEE, 4714749, 1508, 0002, 0.38440, 4.8598459
0xEEEE, 4717883, 1509, 0002, 0.39245, 4.8523690
0xEEEE, 4721022, 1510, 0003, 0.78894, 4.8525216
0xEEEE, 4724138, 1511, 0003, 0.78894, 4.8622873
0xEEEE, 4727250, 1512, 0004, 1.18220, 4.8477913
0xEEEE, 4730364, 1513, 0004, 1.18381, 4.8622873
0xEEEE, 4733497, 1514, 0005, 1.57868, 4.8516060
0xEEEE, 4736614, 1515, 0005, 1.97436, 4.8580148
0xEEEE, 4739739, 1516, 0006, 1.97436, 4.8554208
0xEEEE, 4742871, 1517, 0006, 1.97275, 4.8592355
0xEEEE, 4745989, 1518, 0007, 2.37729, 4.8625925
0xEEEE, 4749130, 1519, 0007, 2.37004, 4.8522164
0xEEEE, 4752241, 1520, 0007, 2.53685, 4.8578622
0xEEEE, 4755372, 1521, 0007, 2.55216, 4.8555734
0xEEEE, 4758497, 1522, 0006, 2.55055, 4.8657969
0xEEEE, 4761622, 1523, 0006, 2.30073, 4.8588540
0xEEEE, 4764748, 1524, 0005, 2.36520, 4.8606851
0xEEEE, 4767881, 1525, 0005, 2.36601, 4.8467994
0xEEEE, 4770997, 1526, 0004, 1.97033, 4.8590829
0xEEEE, 4774135, 1527, 0004, 2.00095, 4.8575570
0xEEEE, 4777239, 1528, 0003, 1.57868, 4.8653391
0xEEEE, 4780375, 1529, 0003, 1.57949, 4.8545815
0xEEEE, 4783489, 1530, 0002, 1.18381, 4.8481727
0xEEEE, 4786614, 1531, 0002, 0.78894, 4.8555734
0xEEEE, 4789739, 1532, 0001, 0.78813, 4.8511482
0xEEEE, 4792871, 1533, 0001, 0.75590, 4.8667887
0xEEEE, 4796023, 1534, 0000, 0.39165, 4.8590066
0xEEEE, 4799144, 1535, 0000, 0.39487, 4.8587015
0xEEEE, 4802250, 1536, 0000, 0.01209, 4.8462654
0xEEEE, 4805382, 1537, 0000, 0.01209, 4.8606851
0xEEEE, 4808500, 1538, 0001, 0.01209, 4.8573281
0xEEEE, 4811625, 1539, 0001, 0.39326, 4.8594644
0xEEEE, 4814750, 1540, 0002, 0.39245, 4.8590829
0xEEEE, 4817891, 1541, 0002, 0.39245, 4.8475624
0xEEEE, 4820989, 1542, 0003, 0.80667, 4.8593118
0xEEEE, 4824127, 1543, 0003, 0.78168, 4.8533608
0xEEEE, 4827239, 1544, 0004, 1.17575, 4.8667887
0xEEEE, 4830364, 1545, 0004, 1.19106, 4.8567178
0xEEEE, 4833489, 1546, 0005, 1.56740, 4.8542763
0xEEEE, 4836614, 1547, 0005, 1.96227, 4.8573281
0xEEEE, 4839739, 1548, 0006, 1.97516, 4.8580148
0xEEEE, 4842878, 1549, 0006, 1.97194, 4.8680858
0xEEEE, 4845998, 1550, 0007, 2.36359, 4.8489357
0xEEEE, 4849135, 1551, 0007, 2.37004, 4.8637369
0xEEEE, 4852248, 1552, 0007, 2.55297, 4.8463416
0xEEEE, 4855372, 1553, 0007, 2.55377, 4.8632792
0xEEEE, 4858497, 1554, 0006, 2.55055, 4.8584726
0xEEEE, 4861623, 1555, 0006, 2.39018, 4.8628214
0xEEEE, 4864758, 1556, 0005, 2.36842, 4.8526741
0xEEEE, 4867871, 1557, 0005, 2.36601, 4.8502327
0xEEEE, 4870989, 1558, 0004, 1.97355, 4.8558785
0xEEEE, 4874127, 1559, 0004, 1.97194, 4.8595407
0xEEEE, 4877239, 1560, 0003, 1.58029, 4.8644999
0xEEEE, 4880364, 1561, 0003, 1.57949, 4.8490883
0xEEEE, 4883489, 1562, 0002, 1.18784, 4.8612955
0xEEEE, 4886620, 1563, 0002, 1.18220, 4.8503853
0xEEEE, 4889750, 1564, 0001, 0.78894, 4.8619059
0xEEEE, 4892883, 1565, 0001, 0.78813, 4.8720531
0xEEEE, 4896037, 1566, 0000, 0.39326, 4.8603799
0xEEEE, 4899145, 1567, 0000, 0.39165, 4.8501564
0xEEEE, 4902259, 1568, 0000, 0.01128, 4.8479438
0xEEEE, 4905375, 1569, 0000, 0.01209, 4.8666361
0xEEEE, 4908489, 1570, 0001, 0.01209, 4.8569467
0xEEEE, 4911614, 1571, 0001, 0.01128, 4.8614481
0xEEEE, 4914739, 1572, 0002, 0.40051, 4.8534371
0xEEEE, 4917872, 1573, 0002, 0.39245, 4.8581674
0xEEEE, 4920989, 1574, 0003, 0.78894, 4.8540475
0xEEEE, 4924130, 1575, 0003, 0.78813, 4.8606088
0xEEEE, 4927239, 1576, 0004, 1.18300, 4.8642710
0xEEEE, 4930366, 1577, 0004, 1.57949, 4.8548867
0xEEEE, 4933497, 1578, 0005, 1.57868, 4.8584726
0xEEEE, 4936622, 1579, 0005, 1.57868, 4.8535897
0xEEEE, 4939748, 1580, 0006, 1.97194, 4.8653391
0xEEEE, 4942880, 1581, 0006, 1.96872, 4.8518349
0xEEEE, 4945998, 1582, 0007, 2.36681, 4.8616770
0xEEEE, 4949146, 1583, 0007, 2.36681, 4.8532082
0xEEEE, 4952239, 1584, 0007, 2.54733, 4.8598459
0xEEEE, 4955364, 1585, 0007, 2.55216, 4.8523690
0xEEEE, 4958489, 1586, 0006, 2.55136, 4.8637369
0xEEEE, 4961614, 1587, 0006, 2.54168, 4.8648814
0xEEEE, 4964739, 1588, 0005, 2.36762, 4.8467231
0xEEEE, 4967871, 1589, 0005, 2.36601, 4.8596170
0xEEEE, 4970989, 1590, 0004, 1.97597, 4.8498512
0xEEEE, 4974139, 1591, 0004, 1.99048, 4.8632792
0xEEEE, 4977250, 1592, 0003, 1.59158, 4.8569467
0xEEEE, 4980375, 1593, 0003, 1.18300, 4.8638132
0xEEEE, 4983500, 1594, 0002, 1.18300, 4.8484016
0xEEEE, 4986633, 1595, 0002, 1.18462, 4.8542000
0xEEEE, 4989750, 1596, 0001, 0.83568, 4.8622110
0xEEEE, 4992883, 1597, 0001, 0.77524, 4.8586252
0xEEEE, 4996038, 1598, 0000, 0.39487, 4.8647288
0xEEEE, 4999144, 1599, 0000, 0.39165, 4.8460365
0xEEEE, 5002240, 1600, 0000, 0.01209, 4.8552682
0xEEEE, 5005364, 1601, 0000, 0.01209, 4.8563363
0xEEEE, 5008489, 1602, 0001, 0.01370, 4.8635080
0xEEEE, 5011614, 1603, 0001, 0.01209, 4.8496223
0xEEEE, 5014739, 1604, 0002, 0.39245, 4.8631266
0xEEEE, 5017871, 1605, 0002, 0.35700, 4.8597696
0xEEEE, 5020998, 1606, 0003, 0.80183, 4.8520638
0xEEEE, 5024135, 1607, 0003, 0.79377, 4.8638895
0xEEEE, 5027248, 1608, 0004, 1.18139, 4.8528267
0xEEEE, 5030373, 1609, 0004, 1.18462, 4.8620584
0xEEEE, 5033508, 1610, 0005, 1.58190, 4.8473335
0xEEEE, 5036622, 1611, 0005, 1.58916, 4.8611429
0xEEEE, 5039747, 1612, 0006, 1.97355, 4.8621347
0xEEEE, 5042872, 1613, 0006, 1.97355, 4.8622873
0xEEEE, 5045997, 1614, 0007, 2.36681, 4.8618296
0xEEEE, 5049127, 1615, 0007, 2.52718, 4.8498512
0xEEEE, 5052239, 1616, 0007, 2.55216, 4.8576333
0xEEEE, 5055364, 1617, 0007, 2.55055, 4.8515297
0xEEEE, 5058489, 1618, 0006, 2.55619, 4.8625162
0xEEEE, 5061614, 1619, 0006, 2.55055, 4.8548867
0xEEEE, 5064749, 1620, 0005, 2.37245, 4.8605325
0xEEEE, 5067882, 1621, 0005, 2.39018, 4.8508431
0xEEEE, 5071016, 1622, 0004, 1.97355, 4.8594644
0xEEEE, 5074138, 1623, 0004, 1.57868, 4.8591592
0xEEEE, 5077250, 1624, 0003, 1.57788, 4.8603799
0xEEEE, 5080375, 1625, 0003, 1.57949, 4.8551156
0xEEEE, 5083500, 1626, 0002, 1.18462, 4.8440528
0xEEEE, 5086614, 1627, 0002, 1.18300, 4.8618296
0xEEEE, 5089739, 1628, 0001, 0.78894, 4.8547341
0xEEEE, 5092882, 1629, 0001, 0.78813, 4.8632029
0xEEEE, 5096023, 1630, 0000, 0.39165, 4.8516060
0xEEEE, 5099137, 1631, 0000, 0.01370, 4.8615244
0xEEEE, 5102239, 1632, 0000, 0.01209, 4.8574807
0xEEEE, 5105364, 1633, 0000, 0.01209, 4.8599985
0xEEEE, 5108494, 1634, 0001, 0.01209, 4.8661784
0xEEEE, 5111622, 1635, 0001, 0.01209, 4.8581674
0xEEEE, 5114747, 1636, 0002, 0.39084, 4.8601511
0xEEEE, 5117890, 1637, 0002, 0.39326, 4.8474098
0xEEEE, 5120999, 1638, 0003, 0.78894, 4.8594644
0xEEEE, 5124135, 1639, 0003, 1.18220, 4.8547341
0xEEEE, 5127248, 1640, 0004, 1.18300, 4.8667887
0xEEEE, 5130381, 1641, 0004, 1.18300, 4.8585489
0xEEEE, 5133489, 1642, 0005, 1.57788, 4.8526741
0xEEEE, 5136614, 1643, 0005, 1.57707, 4.8525978
0xEEEE, 5139739, 1644, 0006, 1.97355, 4.8573281
0xEEEE, 5142872, 1645, 0006, 1.97275, 4.8553445
0xEEEE, 5145989, 1646, 0007, 2.38374, 4.8476387
0xEEEE, 5149132, 1647, 0007, 2.55055, 4.8578622
0xEEEE, 5152245, 1648, 0007, 2.55055, 4.8569467
0xEEEE, 5155375, 1649, 0007, 2.59971, 4.8652628
0xEEEE, 5158500, 1650, 0006, 2.55216, 4.8543526
0xEEEE, 5161625, 1651, 0006, 2.55136, 4.8618296
0xEEEE, 5164750, 1652, 0005, 2.36762, 4.8491646
0xEEEE, 5167882, 1653, 0005, 2.36762, 4.8540475
0xEEEE, 5171013, 1654, 0004, 1.97436, 4.8603037
0xEEEE, 5174138, 1655, 0004, 1.59077, 4.8554208
0xEEEE, 5177249, 1656, 0003, 1.57304, 4.8625162
0xEEEE, 5180364, 1657, 0003, 1.58110, 4.8542000
0xEEEE, 5183489, 1658, 0002, 1.18381, 4.8590829
0xEEEE, 5186614, 1659, 0002, 1.21443, 4.8558785
0xEEEE, 5189739, 1660, 0001, 0.80667, 4.8661784
0xEEEE, 5192871, 1661, 0001, 0.77604, 4.8522164
0xEEEE, 5196026, 1662, 0000, 0.39407, 4.8583200
0xEEEE, 5199141, 1663, 0000, 0.39245, 4.8584726
0xEEEE, 5202247, 1664, 0000, 0.01048, 4.8533608
0xEEEE, 5205373, 1665, 0000, 0.01209, 4.8614481
0xEEEE, 5208498, 1666, 0001, 0.01209, 4.8555734
0xEEEE, 5211623, 1667, 0001, 0.01128, 4.8599222
0xEEEE, 5214756, 1668, 0002, 0.33927, 4.8448157
0xEEEE, 5217880, 1669, 0002, 0.79619, 4.8598459
0xEEEE, 5220989, 1670, 0003, 0.79055, 4.8520638
0xEEEE, 5224126, 1671, 0003, 0.78813, 4.8635080
0xEEEE, 5227239, 1672, 0004, 1.18220, 4.8622110
0xEEEE, 5230364, 1673, 0004, 1.18300, 4.8521401
0xEEEE, 5233489, 1674, 0005, 1.57949, 4.8546578
0xEEEE, 5236614, 1675, 0005, 1.57707, 4.8486305
0xEEEE, 5239739, 1676, 0006, 1.96630, 4.8619821
0xEEEE, 5242883, 1677, 0006, 2.36762, 4.8510719
0xEEEE, 5246000, 1678, 0007, 2.36842, 4.8667124
0xEEEE, 5249138, 1679, 0007, 2.36440, 4.8494697
0xEEEE, 5252252, 1680, 0007, 2.57392, 4.8567941
0xEEEE, 5255375, 1681, 0007, 2.55136, 4.8640421
0xEEEE, 5258499, 1682, 0006, 2.56344, 4.8667124
0xEEEE, 5261636, 1683, 0006, 2.55136, 4.8618296
0xEEEE, 5264739, 1684, 0005, 2.36601, 4.8503090
0xEEEE, 5267871, 1685, 0005, 1.96630, 4.8587778
0xEEEE, 5270989, 1686, 0004, 2.02271, 4.8487831
0xEEEE, 5274127, 1687, 0004, 1.97355, 4.8639658
0xEEEE, 5277239, 1688, 0003, 1.57788, 4.8548867
0xEEEE, 5280364, 1689, 0003, 1.57707, 4.8588540
0xEEEE, 5283489, 1690, 0002, 1.18381, 4.8496986
0xEEEE, 5286622, 1691, 0002, 1.18381, 4.8591592
0xEEEE, 5289747, 1692, 0001, 0.78733, 4.8524453
0xEEEE, 5292880, 1693, 0001, 0.39326, 4.8591592
0xEEEE, 5296035, 1694, 0000, 0.44000, 4.8590066
0xEEEE, 5299143, 1695, 0000, 0.39245, 4.8490883
0xEEEE, 5302247, 1696, 0000, 0.01209, 4.8597696
0xEEEE, 5305372, 1697, 0000, 0.01209, 4.8564126
0xEEEE, 5308489, 1698, 0001, 0.01209, 4.8661021
0xEEEE, 5311614, 1699, 0001, 0.01209, 4.8467994
0xEEEE, 5314739, 1700, 0002, 0.39407, 4.8559548
0xEEEE, 5317871, 1701, 0002, 0.78894, 4.8607614
0xEEEE, 5320989, 1702, 0003, 0.78894, 4.8508431
0xEEEE, 5324132, 1703, 0003, 0.80586, 4.8658732
0xEEEE, 5327239, 1704, 0004, 1.19509, 4.8603799
0xEEEE, 5330372, 1705, 0004, 1.19590, 4.8632792
0xEEEE, 5333500, 1706, 0005, 1.54322, 4.8445869
0xEEEE, 5336625, 1707, 0005, 1.51824, 4.8582437
0xEEEE, 5339750, 1708, 0006, 1.97275, 4.8515297
0xEEEE, 5342883, 1709, 0006, 1.97436, 4.8617533
0xEEEE, 5346023, 1710, 0007, 2.37004, 4.8567178
0xEEEE, 5349138, 1711, 0007, 2.36762, 4.8470283
0xEEEE, 5352239, 1712, 0007, 2.55297, 4.8585489
0xEEEE, 5355364, 1713, 0007, 2.54894, 4.8580148
0xEEEE, 5358489, 1714, 0006, 2.55297, 4.8661784
0xEEEE, 5361614, 1715, 0006, 2.36842, 4.8513008
0xEEEE, 5364739, 1716, 0005, 2.37810, 4.8609140
0xEEEE, 5367872, 1717, 0005, 2.36601, 4.8458076
0xEEEE, 5370989, 1718, 0004, 1.97355, 4.8592355
0xEEEE, 5374136, 1719, 0004, 1.97275, 4.8538186
0xEEEE, 5377248, 1720, 0003, 1.58029, 4.8601511
0xEEEE, 5380372, 1721, 0003, 1.57223, 4.8542000
0xEEEE, 5383504, 1722, 0002, 1.18542, 4.8491646
0xEEEE, 5386623, 1723, 0002, 0.79216, 4.8612955
0xEEEE, 5389748, 1724, 0001, 0.79136, 4.8551156
0xEEEE, 5392880, 1725, 0001, 0.78974, 4.8661021
0xEEEE, 5396036, 1726, 0000, 0.39165, 4.8560311
0xEEEE, 5399141, 1727, 0000, 0.39165, 4.8611429
0xEEEE, 5402239, 1728, 0000, 0.01128, 4.8478676
0xEEEE, 5405364, 1729, 0000, 0.01209, 4.8527504
0xEEEE, 5408489, 1730, 0001, 0.01128, 4.8643473
0xEEEE, 5411614, 1731, 0001, 0.43275, 4.8550393
0xEEEE, 5414739, 1732, 0002, 0.39729, 4.8613718
0xEEEE, 5417874, 1733, 0002, 0.39407, 4.8471046
0xEEEE, 5421013, 1734, 0003, 0.78813, 4.8639658
0xEEEE, 5424138, 1735, 0003, 0.78894, 4.8505379
0xEEEE, 5427250, 1736, 0004, 1.18220, 4.8622110
0xEEEE, 5430384, 1737, 0004, 1.18381, 4.8508431
0xEEEE, 5433500, 1738, 0005, 1.57788, 4.8557259
0xEEEE, 5436625, 1739, 0005, 1.97194, 4.8609140
0xEEEE, 5439739, 1740, 0006, 1.97194, 4.8577096
0xEEEE, 5442891, 1741, 0006, 1.96066, 4.8657206
0xEEEE, 5445989, 1742, 0007, 2.36681, 4.8461128
0xEEEE, 5449127, 1743, 0007, 2.36762, 4.8575570
0xEEEE, 5452239, 1744, 0007, 2.53927, 4.8556497
0xEEEE, 5455364, 1745, 0007, 2.55136, 4.8595407
0xEEEE, 5458489, 1746, 0006, 2.55055, 4.8564889
0xEEEE, 5461614, 1747, 0006, 2.38454, 4.8540475
0xEEEE, 5464747, 1748, 0005, 2.36762, 4.8561074
0xEEEE, 5467880, 1749, 0005, 2.36681, 4.8516060
0xEEEE, 5470998, 1750, 0004, 1.98564, 4.8554971
0xEEEE, 5474135, 1751, 0004, 1.95582, 4.8596933
0xEEEE, 5477247, 1752, 0003, 1.58029, 4.8666361
0xEEEE, 5480372, 1753, 0003, 1.57788, 4.8501564
0xEEEE, 5483497, 1754, 0002, 1.18381, 4.8601511
0xEEEE, 5486614, 1755, 0002, 0.79136, 4.8471046
0xEEEE, 5489749, 1756, 0001, 0.78813, 4.8606088
0xEEEE, 5492871, 1757, 0001, 0.78733, 4.8514534
0xEEEE, 5496023, 1758, 0000, 0.39245, 4.8569467
0xEEEE, 5499136, 1759, 0000, 0.39165, 4.8593118
0xEEEE, 5502240, 1760, 0000, 0.01209, 4.8542763
0xEEEE, 5505364, 1761, 0000, 0.01370, 4.8661021
0xEEEE, 5508500, 1762, 0001, 0.01209, 4.8512245
0xEEEE, 5511625, 1763, 0001, 0.01209, 4.8609140
0xEEEE, 5514754, 1764, 0002, 0.39245, 4.8523690
0xEEEE, 5517883, 1765, 0002, 0.42549, 4.8572519
0xEEEE, 5521000, 1766, 0003, 0.77766, 4.8603037
0xEEEE, 5524138, 1767, 0003, 0.78491, 4.8512245
0xEEEE, 5527258, 1768, 0004, 1.17817, 4.8649577
0xEEEE, 5530364, 1769, 0004, 1.57465, 4.8522927
0xEEEE, 5533489, 1770, 0005, 1.57949, 4.8608377
0xEEEE, 5536614, 1771, 0005, 1.56659, 4.8477150
0xEEEE, 5539739, 1772, 0006, 1.95421, 4.8658732
0xEEEE, 5542871, 1773, 0006, 1.97355, 4.8499275
0xEEEE, 5545989, 1774, 0007, 2.36842, 4.8581674
0xEEEE, 5549130, 1775, 0007, 2.36762, 4.8515297
0xEEEE, 5552245, 1776, 0007, 2.55216, 4.8516060
0xEEEE, 5555372, 1777, 0007, 2.55216, 4.8628214
0xEEEE, 5558497, 1778, 0006, 2.54088, 4.8556497
0xEEEE, 5561622, 1779, 0006, 2.55216, 4.8638132
0xEEEE, 5564748, 1780, 0005, 2.36762, 4.8553445
0xEEEE, 5567881, 1781, 0005, 2.38535, 4.8587778
0xEEEE, 5570998, 1782, 0004, 1.97355, 4.8533608
0xEEEE, 5574146, 1783, 0004, 1.97355, 4.8612192
0xEEEE, 5577239, 1784, 0003, 1.57949, 4.8583200
0xEEEE, 5580364, 1785, 0003, 1.18220, 4.8563363
0xEEEE, 5583489, 1786, 0002, 1.18220, 4.8554208
0xEEEE, 5586614, 1787, 0002, 1.18220, 4.8538949
0xEEEE, 5589739, 1788, 0001, 0.78813, 4.8669413
0xEEEE, 5592872, 1789, 0001, 0.78894, 4.8498512
0xEEEE, 5596032, 1790, 0000, 0.39326, 4.8619059
0xEEEE, 5599148, 1791, 0000, 0.41582, 4.8523690
0xEEEE, 5602250, 1792, 0000, 0.01209, 4.8557259
0xEEEE, 5605375, 1793, 0000, 0.01128, 4.8588540
0xEEEE, 5608500, 1794, 0001, 0.01209, 4.8626688
0xEEEE, 5611633, 1795, 0001, 0.01209, 4.8567178
0xEEEE, 5614750, 1796, 0002, 0.39084, 4.8516060
0xEEEE, 5617883, 1797, 0002, 0.39165, 4.8599985
0xEEEE, 5620989, 1798, 0003, 0.78813, 4.8558022
0xEEEE, 5624127, 1799, 0003, 0.78894, 4.8643473
0xEEEE, 5627240, 1800, 0004, 1.18300, 4.8552682
0xEEEE, 5630364, 1801, 0004, 1.59480, 4.8618296
0xEEEE, 5633489, 1802, 0005, 1.57788, 4.8496223
0xEEEE, 5636614, 1803, 0005, 1.57868, 4.8572519
0xEEEE, 5639740, 1804, 0006, 1.97355, 4.8614481
0xEEEE, 5642880, 1805, 0006, 1.97275, 4.8616007
0xEEEE, 5645998, 1806, 0007, 2.36117, 4.8599222
0xEEEE, 5649136, 1807, 0007, 2.36842, 4.8446632
0xEEEE, 5652248, 1808, 0007, 2.55055, 4.8595407
0xEEEE, 5655373, 1809, 0007, 2.59326, 4.8462654
0xEEEE, 5658509, 1810, 0006, 2.55136, 4.8666361
0xEEEE, 5661614, 1811, 0006, 2.55377, 4.8570230
0xEEEE, 5664739, 1812, 0005, 2.36681, 4.8540475
0xEEEE, 5667872, 1813, 0005, 2.36762, 4.8484016
0xEEEE, 5670989, 1814, 0004, 1.97275, 4.8550393
0xEEEE, 5674127, 1815, 0004, 1.57949, 4.8567178
0xEEEE, 5677239, 1816, 0003, 1.56498, 4.8532082
0xEEEE, 5680364, 1817, 0003, 1.54322, 4.8610666
0xEEEE, 5683489, 1818, 0002, 1.17414, 4.8490120
0xEEEE, 5686625, 1819, 0002, 1.21040, 4.8625162
0xEEEE, 5689750, 1820, 0001, 0.78410, 4.8600748
0xEEEE, 5692882, 1821, 0001, 0.78491, 4.8637369
0xEEEE, 5696078, 1822, 0000, 0.39165, 4.8539712
0xEEEE, 5699145, 1823, 0000, 0.01128, 4.8551156
0xEEEE, 5702250, 1824, 0000, 0.01209, 4.8586252
0xEEEE, 5705375, 1825, 0000, 0.01209, 4.8541238
0xEEEE, 5708489, 1826, 0001, 0.01128, 4.8654154
0xEEEE, 5711614, 1827, 0001, 0.01209, 4.8538949
0xEEEE, 5714739, 1828, 0002, 0.40535, 4.8624399
0xEEEE, 5717871, 1829, 0002, 0.38681, 4.8422217
0xEEEE, 5720989, 1830, 0003, 0.78652, 4.8612192
0xEEEE, 5724130, 1831, 0003, 1.18462, 4.8647288
0xEEEE, 5727239, 1832, 0004, 1.18220, 4.8561074
0xEEEE, 5730372, 1833, 0004, 1.18381, 4.8616770
0xEEEE, 5733497, 1834, 0005, 1.57868, 4.8510719
0xEEEE, 5736622, 1835, 0005, 1.58029, 4.8645762
0xEEEE, 5739748, 1836, 0006, 1.96308, 4.8567178
0xEEEE, 5742891, 1837, 0006, 1.96147, 4.8680095
0xEEEE, 5745998, 1838, 0007, 2.36762, 4.8512245
0xEEEE, 5749135, 1839, 0007, 2.55055, 4.8579385
0xEEEE, 5752239, 1840, 0007, 2.56264, 4.8502327
0xEEEE, 5755372, 1841, 0007, 2.55216, 4.8573281
0xEEEE, 5758489, 1842, 0006, 2.55941, 4.8618296
0xEEEE, 5761614, 1843, 0006, 2.56747, 4.8540475
0xEEEE, 5764739, 1844, 0005, 2.36681, 4.8619821
0xEEEE, 5767871, 1845, 0005, 2.36842, 4.8548867
0xEEEE, 5770989, 1846, 0004, 1.94938, 4.8606851
0xEEEE, 5774138, 1847, 0004, 1.57868, 4.8576333
0xEEEE, 5777250, 1848, 0003, 1.57949, 4.8656443
0xEEEE, 5780375, 1849, 0003, 1.57868, 4.8562600
0xEEEE, 5783500, 1850, 0002, 1.18300, 4.8599222
0xEEEE, 5786625, 1851, 0002, 1.18381, 4.8580148
0xEEEE, 5789750, 1852, 0001, 0.78894, 4.8568704
0xEEEE, 5792882, 1853, 0001, 0.78813, 4.8648814
0xEEEE, 5796038, 1854, 0000, 0.41582, 4.8505379
0xEEEE, 5799145, 1855, 0000, 0.01128, 4.8619059
0xEEEE, 5802239, 1856, 0000, 0.01209, 4.8530556
0xEEEE, 5805364, 1857, 0000, 0.01209, 4.8622110
0xEEEE, 5808489, 1858, 0001, 0.01209, 4.8652628
0xEEEE, 5811614, 1859, 0001, 0.01209, 4.8619059
0xEEEE, 5814740, 1860, 0002, 0.39326, 4.8532845
0xEEEE, 5817875, 1861, 0002, 0.39326, 4.8478676
0xEEEE, 5820998, 1862, 0003, 0.78652, 4.8562600
0xEEEE, 5824135, 1863, 0003, 0.76960, 4.8540475
0xEEEE, 5827258, 1864, 0004, 1.19590, 4.8661021
0xEEEE, 5830373, 1865, 0004, 1.16850, 4.8467994
0xEEEE, 5833497, 1866, 0005, 1.60366, 4.8564889
0xEEEE, 5836623, 1867, 0005, 1.59399, 4.8461128
0xEEEE, 5839755, 1868, 0006, 1.97355, 4.8581674
0xEEEE, 5842872, 1869, 0006, 2.36601, 4.8606088
0xEEEE, 5845989, 1870, 0007, 2.36198, 4.8616770
0xEEEE, 5849127, 1871, 0007, 2.36681, 4.8545815
0xEEEE, 5852239, 1872, 0007, 2.55136, 4.8529793
0xEEEE, 5855364, 1873, 0007, 2.54491, 4.8619059
0xEEEE, 5858489, 1874, 0006, 2.55136, 4.8619821
0xEEEE, 5861617, 1875, 0006, 2.55297, 4.8661784
0xEEEE, 5864750, 1876, 0005, 2.34908, 4.8549630
0xEEEE, 5867882, 1877, 0005, 1.97355, 4.8560311
0xEEEE, 5871013, 1878, 0004, 1.97355, 4.8533608
0xEEEE, 5874138, 1879, 0004, 1.97436, 4.8561074
0xEEEE, 5877251, 1880, 0003, 1.58110, 4.8662547
0xEEEE, 5880375, 1881, 0003, 1.57626, 4.8587015
0xEEEE, 5883489, 1882, 0002, 1.18623, 4.8635843
0xEEEE, 5886624, 1883, 0002, 1.18703, 4.8483253
0xEEEE, 5889739, 1884, 0001, 0.79055, 4.8674754
0xEEEE, 5892872, 1885, 0001, 0.39165, 4.8545052
0xEEEE, 5896024, 1886, 0000, 0.39245, 4.8610666
0xEEEE, 5899136, 1887, 0000, 0.39326, 4.8568704
0xEEEE, 5902239, 1888, 0000, 0.01128, 4.8477913
0xEEEE, 5905364, 1889, 0000, 0.01128, 4.8581674
0xEEEE, 5908497, 1890, 0001, 0.01370, 4.8557259
0xEEEE, 5911622, 1891, 0001, 0.01209, 4.8625925
0xEEEE, 5914747, 1892, 0002, 0.37956, 4.8503853
0xEEEE, 5917880, 1893, 0002, 0.78652, 4.8596170
0xEEEE, 5920998, 1894, 0003, 0.78813, 4.8471809
0xEEEE, 5924144, 1895, 0003, 0.78733, 4.8622110
0xEEEE, 5927239, 1896, 0004, 1.18300, 4.8585489
