date, time, sync, seq, endMon, SWPMON, temp1, temp2, adc
05-30-2024, 13:18:44:596, , , , , , , 
05-30-2024, 13:18:44:596, 0xAAAA, 42146, 0.2744335, 0.17436, 0.16190, 0.00000, 0.00000
05-30-2024, 13:18:44:596, 0xAAAA, 42147, 0.2744335, 0.17436, 0.16190, 0.00000, 0.00000
05-30-2024, 13:18:44:596, 0xAAAA, 42148, 0.2744335, 0.17436, 0.16190, 0.00000, 0.00000
05-30-2024, 13:18:44:596, 0xAAAA, 42149, 0.2744335, 0.17436, 0.16190, 0.00000, 0.00000
05-30-2024, 13:18:44:596, 0xAAAA, 42150, 0.2744335, 0.17436, 0.16190, 0.00000, 0.00000
05-30-2024, 13:18:44:596, 0xAAAA, 42151, 0.2744335, 0.17436, 0.16190, 0.00000, 0.00000
05-30-2024, 13:18:44:596, 0xAAAA, 42152, 0.2744335, 0.17436, 0.16190, 0.00000, 0.00000
05-30-2024, 13:18:44:596, 0xAAAA, 42153, 0.2744335, 0.17436, 0.16190, 0.00000, 0.00000
05-30-2024, 13:18:44:596, 0xAAAA, 42154, 0.2744335, 0.17436, 0.16190, 0.00000, 0.00000
05-30-2024, 13:18:44:596, 0xAAAA, 42155, 0.2744335, 0.17436, 0.16190, 0.00000, 0.00000
05-30-2024, 13:18:44:624, 0xAAAA, 42156, 0.2744335, 0.17436, 0.16190, 0.00000, 0.00000
05-30-2024, 13:18:44:624, 0xAAAA, 42157, 0.2744335, 0.17436, 0.16190, 0.00000, 0.00000
05-30-2024, 13:18:44:624, 0xAAAA, 42158, 0.2744335, 0.17436, 0.16190, 0.00000, 0.00000
05-30-2024, 13:18:44:624, 0xAAAA, 42159, 0.2744335, 0.17436, 0.16190, 0.00000, 0.00000
05-30-2024, 13:18:44:624, 0xAAAA, 42160, 0.2744335, 0.17436, 0.16190, 0.00000, 0.00000
05-30-2024, 13:18:44:678, 0xAAAA, 42161, 0.2744335, 0.17436, 0.16190, 0.00000, 0.00000
05-30-2024, 13:18:44:678, 0xAAAA, 42172, 0.2744335, 0.17436, 0.16190, 0.00000, 0.00000
05-30-2024, 13:18:44:678, 0xAAAA, 42173, 0.2744335, 0.17436, 0.16190, 0.00000, 0.00000
05-30-2024, 13:18:44:678, 0xAAAA, 42174, 0.2744335, 0.17436, 0.16190, 0.00000, 0.00000
05-30-2024, 13:18:44:678, 0xAAAA, 42175, 0.2744335, 0.17436, 0.16190, 0.00000, 0.00000
05-30-2024, 13:18:44:678, 0xAAAA, 42176, 0.2744335, 0.17436, 0.16190, 0.00000, 0.00000
05-30-2024, 13:18:44:678, 0xAAAA, 42177, 0.2744335, 0.17436, 0.16190, 0.00000, 0.00000
05-30-2024, 13:18:44:678, 0xAAAA, 42178, 0.2744335, 0.17436, 0.16190, 0.00000, 0.00000
05-30-2024, 13:18:44:678, 0xAAAA, 42179, 0.2744335, 0.17436, 0.16190, 0.00000, 0.00000
05-30-2024, 13:18:44:678, 0xAAAA, 42180, 0.2744335, 0.17436, 0.16190, 0.00000, 0.00000
05-30-2024, 13:18:44:706, 0xAAAA, 42181, 0.2744335, 0.17436, 0.16190, 0.00000, 0.00000
05-30-2024, 13:18:44:706, 0xAAAA, 42182, 0.2744335, 0.17436, 0.16190, 0.00000, 0.00000
05-30-2024, 13:18:44:706, 0xAAAA, 42183, 0.2744335, 0.17436, 0.16190, 0.00000, 0.00000
05-30-2024, 13:18:44:706, 0xAAAA, 42184, 0.2744335, 0.17436, 0.16190, 0.00000, 0.00000
05-30-2024, 13:18:44:706, 0xAAAA, 42185, 0.2744335, 0.17436, 0.16190, 0.00000, 0.00000
05-30-2024, 13:18:44:733, 0xAAAA, 42186, 0.2744335, 0.17436, 0.16190, 0.00000, 0.00000
05-30-2024, 13:18:44:733, 0xAAAA, 42188, 0.2744335, 0.17436, 0.16190, 0.00000, 0.00000
05-30-2024, 13:18:44:733, 0xAAAA, 42189, 0.2744335, 0.17436, 0.16190, 0.00000, 0.00000
05-30-2024, 13:18:44:733, 0xAAAA, 42190, 0.2744335, 0.17436, 0.16190, 0.00000, 0.00000
05-30-2024, 13:18:44:733, 0xAAAA, 42191, 0.2744335, 0.17436, 0.16190, 0.00000, 0.00000
05-30-2024, 13:18:44:733, 0xAAAA, 42192, 0.2744335, 0.17436, 0.16190, 0.00000, 0.00000
05-30-2024, 13:18:44:733, 0xAAAA, 42193, 0.2744335, 0.17436, 0.16190, 0.00000, 0.00000
05-30-2024, 13:18:44:733, 0xAAAA, 42194, 0.2744335, 0.17436, 0.16190, 0.00000, 0.00000
05-30-2024, 13:18:44:733, 0xAAAA, 42195, 0.2744335, 0.17436, 0.16190, 0.00000, 0.00000
05-30-2024, 13:18:44:733, 0xAAAA, 42196, 0.2744335, 0.17436, 0.16190, 0.00000, 0.00000
05-30-2024, 13:18:44:761, 0xAAAA, 42197, 0.2744335, 0.17436, 0.16190, 0.00000, 0.00000
05-30-2024, 13:18:44:761, 0xAAAA, 42198, 0.2744335, 0.17436, 0.16190, 0.00000, 0.00000
05-30-2024, 13:18:44:761, 0xAAAA, 42199, 0.2744335, 0.17436, 0.16190, 0.00000, 0.00000
05-30-2024, 13:18:44:761, 0xAAAA, 42200, 0.2744335, 0.17436, 0.16190, 0.00000, 0.00000
05-30-2024, 13:18:44:761, 0xAAAA, 42201, 0.2744335, 0.17436, 0.16190, 0.00000, 0.00000
05-30-2024, 13:18:44:761, 0xAAAA, 42202, 0.2744335, 0.17436, 0.16190, 0.00000, 0.00000
05-30-2024, 13:18:44:761, 0xAAAA, 42203, 0.2744335, 0.17436, 0.16190, 0.00000, 0.00000
05-30-2024, 13:18:44:762, 0xAAAA, 42204, 0.2744335, 0.17436, 0.16190, 0.00000, 0.00000
05-30-2024, 13:18:44:762, 0xAAAA, 42205, 0.2744335, 0.17436, 0.16190, 0.00000, 0.00000
05-30-2024, 13:18:44:762, 0xAAAA, 42206, 0.2744335, 0.17436, 0.16190, 0.00000, 0.00000
05-30-2024, 13:18:44:789, 0xAAAA, 42207, 0.2744335, 0.17436, 0.16190, 0.00000, 0.00000
05-30-2024, 13:18:44:789, 0xAAAA, 42208, 0.2744335, 0.17436, 0.16190, 0.00000, 0.00000
05-30-2024, 13:18:44:790, 0xAAAA, 42209, 0.2744335, 0.17436, 0.16190, 0.00000, 0.00000
05-30-2024, 13:18:44:790, 0xAAAA, 42210, 0.2744335, 0.17436, 0.16190, 0.00000, 0.00000
05-30-2024, 13:18:44:790, 0xAAAA, 42211, 0.2744335, 0.17436, 0.16190, 0.00000, 0.00000
05-30-2024, 13:18:44:790, 0xAAAA, 42212, 0.2744335, 0.17436, 0.16190, 0.00000, 0.00000
05-30-2024, 13:18:44:790, 0xAAAA, 42213, 0.2744335, 0.17436, 0.16190, 0.00000, 0.00000
05-30-2024, 13:18:44:790, 0xAAAA, 42214, 0.2744335, 0.17436, 0.16190, 0.00000, 0.00000
05-30-2024, 13:18:44:790, 0xAAAA, 42215, 0.2744335, 0.17436, 0.16190, 0.00000, 0.00000
05-30-2024, 13:18:44:790, 0xAAAA, 42216, 0.2744335, 0.17436, 0.16190, 0.00000, 0.00000
05-30-2024, 13:18:44:817, 0xAAAA, 42217, 0.2744335, 0.17436, 0.16190, 0.00000, 0.00000
05-30-2024, 13:18:44:817, 0xAAAA, 42218, 0.2744335, 0.17436, 0.16190, 0.00000, 0.00000
05-30-2024, 13:18:44:817, 0xAAAA, 42219, 0.2744335, 0.17436, 0.16190, 0.00000, 0.00000
05-30-2024, 13:18:44:817, 0xAAAA, 42220, 0.2744335, 0.17436, 0.16190, 0.00000, 0.00000
05-30-2024, 13:18:44:817, 0xAAAA, 42221, 0.2744335, 0.17436, 0.16190, 0.00000, 0.00000
05-30-2024, 13:18:44:845, 0xAAAA, 42222, 0.2744335, 0.17436, 0.16190, 0.00000, 0.00000
05-30-2024, 13:18:44:845, 0xAAAA, 42223, 0.2744335, 0.17436, 0.16190, 0.00000, 0.00000
05-30-2024, 13:18:44:845, 0xAAAA, 42224, 0.2744335, 0.17436, 0.16190, 0.00000, 0.00000
05-30-2024, 13:18:44:845, 0xAAAA, 42225, 0.2744335, 0.17436, 0.16190, 0.00000, 0.00000
05-30-2024, 13:18:44:845, 0xAAAA, 42226, 0.2744335, 0.17436, 0.16190, 0.00000, 0.00000
05-30-2024, 13:18:44:845, 0xAAAA, 42227, 0.2744335, 0.17436, 0.16190, 0.00000, 0.00000
05-30-2024, 13:18:44:845, 0xAAAA, 42228, 0.2744335, 0.17436, 0.16190, 0.00000, 0.00000
05-30-2024, 13:18:44:845, 0xAAAA, 42229, 0.2744335, 0.17436, 0.16190, 0.00000, 0.00000
05-30-2024, 13:18:44:845, 0xAAAA, 42230, 0.2744335, 0.17436, 0.16190, 0.00000, 0.00000
05-30-2024, 13:18:44:845, 0xAAAA, 42231, 0.2744335, 0.17436, 0.16190, 0.00000, 0.00000
05-30-2024, 13:18:44:845, 0xAAAA, 42232, 0.2744335, 0.17436, 0.16190, 0.00000, 0.00000
05-30-2024, 13:18:44:899, 0xAAAA, 42233, 0.2744335, 0.17436, 0.16190, 0.00000, 0.00000
05-30-2024, 13:18:44:899, 0xAAAA, 42244, 0.2744335, 0.17436, 0.16190, 0.00000, 0.00000
05-30-2024, 13:18:44:899, 0xAAAA, 42245, 0.2744335, 0.17436, 0.16190, 0.00000, 0.00000
05-30-2024, 13:18:44:899, 0xAAAA, 42246, 0.2744335, 0.17436, 0.16190, 0.00000, 0.00000
05-30-2024, 13:18:44:899, 0xAAAA, 42247, 0.2744335, 0.17436, 0.16190, 0.00000, 0.00000
05-30-2024, 13:18:44:899, 0xAAAA, 42248, 0.2744335, 0.17436, 0.16190, 0.00000, 0.00000
05-30-2024, 13:18:44:899, 0xAAAA, 42249, 0.2744335, 0.17436, 0.16190, 0.00000, 0.00000
05-30-2024, 13:18:44:900, 0xAAAA, 42250, 0.2744335, 0.17436, 0.16190, 0.00000, 0.00000
05-30-2024, 13:18:44:900, 0xAAAA, 42251, 0.2744335, 0.17436, 0.16190, 0.00000, 0.00000
05-30-2024, 13:18:44:900, 0xAAAA, 42252, 0.2744335, 0.17436, 0.16190, 0.00000, 0.00000
05-30-2024, 13:18:44:927, 0xAAAA, 42253, 0.2744335, 0.17436, 0.16190, 0.00000, 0.00000
05-30-2024, 13:18:44:927, 0xAAAA, 42254, 0.2744335, 0.17436, 0.16190, 0.00000, 0.00000
05-30-2024, 13:18:44:927, 0xAAAA, 42255, 0.2744335, 0.17436, 0.16190, 0.00000, 0.00000
05-30-2024, 13:18:44:927, 0xAAAA, 42256, 0.2744335, 0.17436, 0.16190, 0.00000, 0.00000
05-30-2024, 13:18:44:927, 0xAAAA, 42257, 0.2744335, 0.17436, 0.16190, 0.00000, 0.00000
05-30-2024, 13:18:44:954, 0xAAAA, 42258, 0.2744335, 0.17436, 0.16190, 0.00000, 0.00000
05-30-2024, 13:18:44:954, 0xAAAA, 42259, 0.2744335, 0.17436, 0.16190, 0.00000, 0.00000
05-30-2024, 13:18:44:954, 0xAAAA, 42260, 0.2744335, 0.17436, 0.16190, 0.00000, 0.00000
05-30-2024, 13:18:44:954, 0xAAAA, 42261, 0.2744335, 0.17436, 0.16190, 0.00000, 0.00000
05-30-2024, 13:18:44:954, 0xAAAA, 42262, 0.2744335, 0.17436, 0.16190, 0.00000, 0.00000
05-30-2024, 13:18:44:954, 0xAAAA, 42263, 0.2744335, 0.17436, 0.16190, 0.00000, 0.00000
05-30-2024, 13:18:44:954, 0xAAAA, 42264, 0.2744335, 0.17436, 0.16190, 0.00000, 0.00000
05-30-2024, 13:18:44:954, 0xAAAA, 42265, 0.2744335, 0.17436, 0.16190, 0.00000, 0.00000
05-30-2024, 13:18:44:954, 0xAAAA, 42266, 0.2744335, 0.17436, 0.16190, 0.00000, 0.00000
05-30-2024, 13:18:44:954, 0xAAAA, 42267, 0.2744335, 0.17436, 0.16190, 0.00000, 0.00000
05-30-2024, 13:18:44:954, 0xAAAA, 42268, 0.2744335, 0.17436, 0.16190, 0.00000, 0.00000
05-30-2024, 13:18:44:982, 0xAAAA, 42269, 0.2744335, 0.17436, 0.16190, 0.00000, 0.00000
05-30-2024, 13:18:44:982, 0xAAAA, 42270, 0.2744335, 0.17436, 0.16190, 0.00000, 0.00000
05-30-2024, 13:18:44:982, 0xAAAA, 42271, 0.2744335, 0.17436, 0.16190, 0.00000, 0.00000
05-30-2024, 13:18:44:982, 0xAAAA, 42272, 0.2744335, 0.17436, 0.16190, 0.00000, 0.00000
05-30-2024, 13:18:44:982, 0xAAAA, 42273, 0.2744335, 0.17436, 0.16190, 0.00000, 0.00000
05-30-2024, 13:18:44:982, 0xAAAA, 42274, 0.2744335, 0.17436, 0.16190, 0.00000, 0.00000
05-30-2024, 13:18:44:982, 0xAAAA, 42275, 0.2744335, 0.17436, 0.16190, 0.00000, 0.00000
05-30-2024, 13:18:44:982, 0xAAAA, 42276, 0.2744335, 0.17436, 0.16190, 0.00000, 0.00000
05-30-2024, 13:18:44:982, 0xAAAA, 42277, 0.2744335, 0.17436, 0.16190, 0.00000, 0.00000
05-30-2024, 13:18:44:982, 0xAAAA, 42278, 0.2744335, 0.17436, 0.16190, 0.00000, 0.00000
05-30-2024, 13:18:45:10, 0xAAAA, 42279, 0.2744335, 0.17436, 0.16190, 0.00000, 0.00000
05-30-2024, 13:18:45:10, 0xAAAA, 42280, 0.2744335, 0.17436, 0.16190, 0.00000, 0.00000
05-30-2024, 13:18:45:10, 0xAAAA, 42281, 0.2744335, 0.17436, 0.16190, 0.00000, 0.00000
05-30-2024, 13:18:45:10, 0xAAAA, 42282, 0.2744335, 0.17436, 0.16190, 0.00000, 0.00000
05-30-2024, 13:18:45:10, 0xAAAA, 42283, 0.2744335, 0.17436, 0.16190, 0.00000, 0.00000
05-30-2024, 13:18:45:39, 0xAAAA, 42284, 0.2744335, 0.17436, 0.16190, 0.00000, 0.00000
05-30-2024, 13:18:45:39, 0xAAAA, 42285, 0.2744335, 0.17436, 0.16190, 0.00000, 0.00000
05-30-2024, 13:18:45:39, 0xAAAA, 42286, 0.2744335, 0.17436, 0.16190, 0.00000, 0.00000
05-30-2024, 13:18:45:39, 0xAAAA, 42287, 0.2744335, 0.17436, 0.16190, 0.00000, 0.00000
05-30-2024, 13:18:45:39, 0xAAAA, 42288, 0.2744335, 0.17436, 0.16190, 0.00000, 0.00000
05-30-2024, 13:18:45:39, 0xAAAA, 42289, 0.2744335, 0.17436, 0.16190, 0.00000, 0.00000
05-30-2024, 13:18:45:39, 0xAAAA, 42290, 0.2744335, 0.17436, 0.16190, 0.00000, 0.00000
05-30-2024, 13:18:45:39, 0xAAAA, 42291, 0.2744335, 0.17436, 0.16190, 0.00000, 0.00000
05-30-2024, 13:18:45:39, 0xAAAA, 42292, 0.2744335, 0.17436, 0.16190, 0.00000, 0.00000
05-30-2024, 13:18:45:39, 0xAAAA, 42293, 0.2744335, 0.17436, 0.16190, 0.00000, 0.00000
05-30-2024, 13:18:45:66, 0xAAAA, 42294, 0.2744335, 0.17436, 0.16190, 0.00000, 0.00000
05-30-2024, 13:18:45:66, 0xAAAA, 42295, 0.2744335, 0.17436, 0.16190, 0.00000, 0.00000
05-30-2024, 13:18:45:66, 0xAAAA, 42296, 0.2744335, 0.17436, 0.16190, 0.00000, 0.00000
05-30-2024, 13:18:45:66, 0xAAAA, 42297, 0.2744335, 0.17436, 0.16190, 0.00000, 0.00000
05-30-2024, 13:18:45:66, 0xAAAA, 42298, 0.2744335, 0.17436, 0.16190, 0.00000, 0.00000
05-30-2024, 13:18:45:66, 0xAAAA, 42299, 0.2744335, 0.17436, 0.16190, 0.00000, 0.00000
05-30-2024, 13:18:45:66, 0xAAAA, 42300, 0.2744335, 0.17436, 0.16190, 0.00000, 0.00000
05-30-2024, 13:18:45:66, 0xAAAA, 42301, 0.2744335, 0.17436, 0.16190, 0.00000, 0.00000
05-30-2024, 13:18:45:66, 0xAAAA, 42302, 0.2744335, 0.17436, 0.16190, 0.00000, 0.00000
05-30-2024, 13:18:45:66, 0xAAAA, 42303, 0.2744335, 0.17436, 0.16190, 0.00000, 0.00000
05-30-2024, 13:18:45:66, 0xAAAA, 42304, 0.2744335, 0.17436, 0.16190, 0.00000, 0.00000
05-30-2024, 13:18:45:121, 0xAAAA, 42305, 0.2744335, 0.17436, 0.16190, 0.00000, 0.00000
05-30-2024, 13:18:45:121, 0xAAAA, 42316, 0.2744335, 0.17436, 0.16190, 0.00000, 0.00000
05-30-2024, 13:18:45:121, 0xAAAA, 42317, 0.2744335, 0.17436, 0.16190, 0.00000, 0.00000
05-30-2024, 13:18:45:122, 0xAAAA, 42318, 0.2744335, 0.17436, 0.16190, 0.00000, 0.00000
05-30-2024, 13:18:45:122, 0xAAAA, 42319, 0.2744335, 0.17436, 0.16190, 0.00000, 0.00000
05-30-2024, 13:18:45:149, 0xAAAA, 42320, 0.2744335, 0.17436, 0.16190, 0.00000, 0.00000
05-30-2024, 13:18:45:149, 0xAAAA, 42321, 0.2744335, 0.17436, 0.16190, 0.00000, 0.00000
05-30-2024, 13:18:45:149, 0xAAAA, 42322, 0.2744335, 0.17436, 0.16190, 0.00000, 0.00000
05-30-2024, 13:18:45:149, 0xAAAA, 42323, 0.2744335, 0.17436, 0.16190, 0.00000, 0.00000
05-30-2024, 13:18:45:149, 0xAAAA, 42324, 0.2744335, 0.17436, 0.16190, 0.00000, 0.00000
05-30-2024, 13:18:45:149, 0xAAAA, 42325, 0.2744335, 0.17436, 0.16190, 0.00000, 0.00000
05-30-2024, 13:18:45:149, 0xAAAA, 42326, 0.2744335, 0.17436, 0.16190, 0.00000, 0.00000
05-30-2024, 13:18:45:149, 0xAAAA, 42327, 0.2744335, 0.17436, 0.16190, 0.00000, 0.00000
05-30-2024, 13:18:45:149, 0xAAAA, 42328, 0.2744335, 0.17436, 0.16190, 0.00000, 0.00000
05-30-2024, 13:18:45:149, 0xAAAA, 42329, 0.2744335, 0.17436, 0.16190, 0.00000, 0.00000
05-30-2024, 13:18:45:177, 0xAAAA, 42330, 0.2744335, 0.17436, 0.16190, 0.00000, 0.00000
05-30-2024, 13:18:45:177, 0xAAAA, 42331, 0.2744335, 0.17436, 0.16190, 0.00000, 0.00000
05-30-2024, 13:18:45:177, 0xAAAA, 42332, 0.2744335, 0.17436, 0.16190, 0.00000, 0.00000
05-30-2024, 13:18:45:177, 0xAAAA, 42333, 0.2744335, 0.17436, 0.16190, 0.00000, 0.00000
05-30-2024, 13:18:45:177, 0xAAAA, 42334, 0.2744335, 0.17436, 0.16190, 0.00000, 0.00000
05-30-2024, 13:18:45:177, 0xAAAA, 42335, 0.2744335, 0.17436, 0.16190, 0.00000, 0.00000
05-30-2024, 13:18:45:177, 0xAAAA, 42336, 0.2744335, 0.17436, 0.16190, 0.00000, 0.00000
05-30-2024, 13:18:45:177, 0xAAAA, 42337, 0.2744335, 0.17436, 0.16190, 0.00000, 0.00000
05-30-2024, 13:18:45:177, 0xAAAA, 42338, 0.2744335, 0.17436, 0.16190, 0.00000, 0.00000
05-30-2024, 13:18:45:177, 0xAAAA, 42339, 0.2744335, 0.17436, 0.16190, 0.00000, 0.00000
05-30-2024, 13:18:45:177, 0xAAAA, 42340, 0.2744335, 0.17436, 0.16190, 0.00000, 0.00000
05-30-2024, 13:18:45:204, 0xAAAA, 42341, 0.2744335, 0.17436, 0.16190, 0.00000, 0.00000
05-30-2024, 13:18:45:204, 0xAAAA, 42342, 0.2744335, 0.17436, 0.16190, 0.00000, 0.00000
05-30-2024, 13:18:45:204, 0xAAAA, 42343, 0.2744335, 0.17436, 0.16190, 0.00000, 0.00000
05-30-2024, 13:18:45:204, 0xAAAA, 42344, 0.2744335, 0.17436, 0.16190, 0.00000, 0.00000
05-30-2024, 13:18:45:204, 0xAAAA, 42345, 0.2744335, 0.17436, 0.16190, 0.00000, 0.00000
05-30-2024, 13:18:45:204, 0xAAAA, 42346, 0.2744335, 0.17436, 0.16190, 0.00000, 0.00000
05-30-2024, 13:18:45:204, 0xAAAA, 42347, 0.2744335, 0.17436, 0.16190, 0.00000, 0.00000
05-30-2024, 13:18:45:204, 0xAAAA, 42348, 0.2744335, 0.17436, 0.16190, 0.00000, 0.00000
05-30-2024, 13:18:45:204, 0xAAAA, 42349, 0.2744335, 0.17436, 0.16190, 0.00000, 0.00000
05-30-2024, 13:18:45:204, 0xAAAA, 42350, 0.2744335, 0.17436, 0.16190, 0.00000, 0.00000
05-30-2024, 13:18:45:232, 0xAAAA, 42351, 0.2744335, 0.17436, 0.16190, 0.00000, 0.00000
05-30-2024, 13:18:45:232, 0xAAAA, 42352, 0.2744335, 0.17436, 0.16190, 0.00000, 0.00000
05-30-2024, 13:18:45:232, 0xAAAA, 42353, 0.2744335, 0.17436, 0.16190, 0.00000, 0.00000
05-30-2024, 13:18:45:232, 0xAAAA, 42354, 0.2744335, 0.17436, 0.16190, 0.00000, 0.00000
05-30-2024, 13:18:45:232, 0xAAAA, 42355, 0.2744335, 0.17436, 0.16190, 0.00000, 0.00000
05-30-2024, 13:18:45:259, 0xAAAA, 42356, 0.2744335, 0.17436, 0.16190, 0.00000, 0.00000
05-30-2024, 13:18:45:259, 0xAAAA, 42357, 0.2744335, 0.17436, 0.16190, 0.00000, 0.00000
05-30-2024, 13:18:45:259, 0xAAAA, 42358, 0.2744335, 0.17436, 0.16190, 0.00000, 0.00000
05-30-2024, 13:18:45:259, 0xAAAA, 42359, 0.2744335, 0.17436, 0.16190, 0.00000, 0.00000
05-30-2024, 13:18:45:259, 0xAAAA, 42360, 0.2744335, 0.17436, 0.16190, 0.00000, 0.00000
05-30-2024, 13:18:45:259, 0xAAAA, 42361, 0.2744335, 0.17436, 0.16190, 0.00000, 0.00000
05-30-2024, 13:18:45:259, 0xAAAA, 42362, 0.2744335, 0.17436, 0.16190, 0.00000, 0.00000
05-30-2024, 13:18:45:259, 0xAAAA, 42363, 0.2744335, 0.17436, 0.16190, 0.00000, 0.00000
05-30-2024, 13:18:45:259, 0xAAAA, 42364, 0.2744335, 0.17436, 0.16190, 0.00000, 0.00000
05-30-2024, 13:18:45:259, 0xAAAA, 42365, 0.2744335, 0.17436, 0.16190, 0.00000, 0.00000
05-30-2024, 13:18:45:287, 0xAAAA, 42366, 0.2744335, 0.17436, 0.16190, 0.00000, 0.00000
05-30-2024, 13:18:45:287, 0xAAAA, 42367, 0.2744335, 0.17436, 0.16190, 0.00000, 0.00000
05-30-2024, 13:18:45:287, 0xAAAA, 42368, 0.2744335, 0.17436, 0.16190, 0.00000, 0.00000
05-30-2024, 13:18:45:287, 0xAAAA, 42369, 0.2744335, 0.17436, 0.16190, 0.00000, 0.00000
05-30-2024, 13:18:45:287, 0xAAAA, 42370, 0.2744335, 0.17436, 0.16190, 0.00000, 0.00000
05-30-2024, 13:18:45:287, 0xAAAA, 42371, 0.2744335, 0.17436, 0.16190, 0.00000, 0.00000
05-30-2024, 13:18:45:287, 0xAAAA, 42372, 0.2744335, 0.17436, 0.16190, 0.00000, 0.00000
05-30-2024, 13:18:45:287, 0xAAAA, 42373, 0.2744335, 0.17436, 0.16190, 0.00000, 0.00000
05-30-2024, 13:18:45:287, 0xAAAA, 42374, 0.2744335, 0.17436, 0.16190, 0.00000, 0.00000
05-30-2024, 13:18:45:287, 0xAAAA, 42375, 0.2744335, 0.17436, 0.16190, 0.00000, 0.00000
05-30-2024, 13:18:45:287, 0xAAAA, 42376, 0.2744335, 0.17436, 0.16190, 0.00000, 0.00000
05-30-2024, 13:18:45:314, 0xAAAA, 42377, 0.2744335, 0.17436, 0.16190, 0.00000, 0.00000
05-30-2024, 13:18:45:314, 0xAAAA, 42378, 0.2744335, 0.17436, 0.16190, 0.00000, 0.00000
05-30-2024, 13:18:45:314, 0xAAAA, 42379, 0.2744335, 0.17436, 0.16190, 0.00000, 0.00000
05-30-2024, 13:18:45:314, 0xAAAA, 42380, 0.2744335, 0.17436, 0.16190, 0.00000, 0.00000
05-30-2024, 13:18:45:314, 0xAAAA, 42381, 0.2744335, 0.17436, 0.16190, 0.00000, 0.00000
05-30-2024, 13:18:45:342, 0xAAAA, 42382, 0.2744335, 0.17436, 0.16190, 0.00000, 0.00000
05-30-2024, 13:18:45:342, 0xAAAA, 42388, 0.2744335, 0.17436, 0.16190, 0.00000, 0.00000
05-30-2024, 13:18:45:342, 0xAAAA, 42389, 0.2744335, 0.17436, 0.16190, 0.00000, 0.00000
05-30-2024, 13:18:45:342, 0xAAAA, 42390, 0.2744335, 0.17436, 0.16190, 0.00000, 0.00000
05-30-2024, 13:18:45:342, 0xAAAA, 42391, 0.2744335, 0.17436, 0.16190, 0.00000, 0.00000
05-30-2024, 13:18:45:370, 0xAAAA, 42392, 0.2744335, 0.17436, 0.16190, 0.00000, 0.00000
05-30-2024, 13:18:45:370, 0xAAAA, 42393, 0.2744335, 0.17436, 0.16190, 0.00000, 0.00000
05-30-2024, 13:18:45:370, 0xAAAA, 42394, 0.2744335, 0.17436, 0.16190, 0.00000, 0.00000
05-30-2024, 13:18:45:370, 0xAAAA, 42395, 0.2744335, 0.17436, 0.16190, 0.00000, 0.00000
05-30-2024, 13:18:45:370, 0xAAAA, 42396, 0.2744335, 0.17436, 0.16190, 0.00000, 0.00000
05-30-2024, 13:18:45:370, 0xAAAA, 42397, 0.2744335, 0.17436, 0.16190, 0.00000, 0.00000
05-30-2024, 13:18:45:370, 0xAAAA, 42398, 0.2744335, 0.17436, 0.16190, 0.00000, 0.00000
05-30-2024, 13:18:45:370, 0xAAAA, 42399, 0.2744335, 0.17436, 0.16190, 0.00000, 0.00000
05-30-2024, 13:18:45:370, 0xAAAA, 42400, 0.2744335, 0.17436, 0.16190, 0.00000, 0.00000
05-30-2024, 13:18:45:370, 0xAAAA, 42401, 0.2744335, 0.17436, 0.16190, 0.00000, 0.00000
05-30-2024, 13:18:45:397, 0xAAAA, 42402, 0.2744335, 0.17436, 0.16190, 0.00000, 0.00000
05-30-2024, 13:18:45:397, 0xAAAA, 42403, 0.2744335, 0.17436, 0.16190, 0.00000, 0.00000
05-30-2024, 13:18:45:397, 0xAAAA, 42404, 0.2744335, 0.17436, 0.16190, 0.00000, 0.00000
05-30-2024, 13:18:45:397, 0xAAAA, 42405, 0.2744335, 0.17436, 0.16190, 0.00000, 0.00000
05-30-2024, 13:18:45:397, 0xAAAA, 42406, 0.2744335, 0.17436, 0.16190, 0.00000, 0.00000
05-30-2024, 13:18:45:397, 0xAAAA, 42407, 0.2744335, 0.17436, 0.16190, 0.00000, 0.00000
05-30-2024, 13:18:45:397, 0xAAAA, 42408, 0.2744335, 0.17436, 0.16190, 0.00000, 0.00000
05-30-2024, 13:18:45:397, 0xAAAA, 42409, 0.2744335, 0.17436, 0.16190, 0.00000, 0.00000
05-30-2024, 13:18:45:397, 0xAAAA, 42410, 0.2744335, 0.17436, 0.16190, 0.00000, 0.00000
05-30-2024, 13:18:45:398, 0xAAAA, 42411, 0.2744335, 0.17436, 0.16190, 0.00000, 0.00000
05-30-2024, 13:18:45:398, 0xAAAA, 42412, 0.2744335, 0.17436, 0.16190, 0.00000, 0.00000
05-30-2024, 13:18:45:425, 0xAAAA, 42413, 0.2744335, 0.17436, 0.16190, 0.00000, 0.00000
05-30-2024, 13:18:45:425, 0xAAAA, 42414, 0.2744335, 0.17436, 0.16190, 0.00000, 0.00000
05-30-2024, 13:18:45:425, 0xAAAA, 42415, 0.2744335, 0.17436, 0.16190, 0.00000, 0.00000
05-30-2024, 13:18:45:425, 0xAAAA, 42416, 0.2744335, 0.17436, 0.16190, 0.00000, 0.00000
05-30-2024, 13:18:45:425, 0xAAAA, 42417, 0.2744335, 0.17436, 0.16190, 0.00000, 0.00000
05-30-2024, 13:18:45:452, 0xAAAA, 42418, 0.2744335, 0.17436, 0.16190, 0.00000, 0.00000
05-30-2024, 13:18:45:452, 0xAAAA, 42419, 0.2744335, 0.17436, 0.16190, 0.00000, 0.00000
05-30-2024, 13:18:45:452, 0xAAAA, 42420, 0.2744335, 0.17436, 0.16190, 0.00000, 0.00000
05-30-2024, 13:18:45:452, 0xAAAA, 42421, 0.2744335, 0.17436, 0.16190, 0.00000, 0.00000
05-30-2024, 13:18:45:452, 0xAAAA, 42422, 0.2744335, 0.17436, 0.16190, 0.00000, 0.00000
05-30-2024, 13:18:45:452, 0xAAAA, 42423, 0.2744335, 0.17436, 0.16190, 0.00000, 0.00000
05-30-2024, 13:18:45:452, 0xAAAA, 42424, 0.2744335, 0.17436, 0.16190, 0.00000, 0.00000
05-30-2024, 13:18:45:452, 0xAAAA, 42425, 0.2744335, 0.17436, 0.16190, 0.00000, 0.00000
05-30-2024, 13:18:45:452, 0xAAAA, 42426, 0.2744335, 0.17436, 0.16190, 0.00000, 0.00000
05-30-2024, 13:18:45:452, 0xAAAA, 42427, 0.2744335, 0.17436, 0.16190, 0.00000, 0.00000
05-30-2024, 13:18:45:480, 0xAAAA, 42428, 0.2744335, 0.17436, 0.16190, 0.00000, 0.00000
05-30-2024, 13:18:45:480, 0xAAAA, 42429, 0.2744335, 0.17436, 0.16190, 0.00000, 0.00000
05-30-2024, 13:18:45:480, 0xAAAA, 42430, 0.2744335, 0.17436, 0.16190, 0.00000, 0.00000
05-30-2024, 13:18:45:480, 0xAAAA, 42431, 0.2744335, 0.17436, 0.16190, 0.00000, 0.00000
05-30-2024, 13:18:45:480, 0xAAAA, 42432, 0.2744335, 0.17436, 0.16190, 0.00000, 0.00000
05-30-2024, 13:18:45:480, 0xAAAA, 42433, 0.2744335, 0.17436, 0.16190, 0.00000, 0.00000
05-30-2024, 13:18:45:480, 0xAAAA, 42434, 0.2744335, 0.17436, 0.16190, 0.00000, 0.00000
05-30-2024, 13:18:45:480, 0xAAAA, 42435, 0.2744335, 0.17436, 0.16190, 0.00000, 0.00000
05-30-2024, 13:18:45:480, 0xAAAA, 42436, 0.2744335, 0.17436, 0.16190, 0.00000, 0.00000
05-30-2024, 13:18:45:480, 0xAAAA, 42437, 0.2744335, 0.17436, 0.16190, 0.00000, 0.00000
05-30-2024, 13:18:45:507, 0xAAAA, 42438, 0.2744335, 0.17436, 0.16190, 0.00000, 0.00000
05-30-2024, 13:18:45:507, 0xAAAA, 42439, 0.2744335, 0.17436, 0.16190, 0.00000, 0.00000
05-30-2024, 13:18:45:507, 0xAAAA, 42440, 0.2744335, 0.17436, 0.16190, 0.00000, 0.00000
05-30-2024, 13:18:45:507, 0xAAAA, 42441, 0.2744335, 0.17436, 0.16190, 0.00000, 0.00000
05-30-2024, 13:18:45:507, 0xAAAA, 42442, 0.2744335, 0.17436, 0.16190, 0.00000, 0.00000
05-30-2024, 13:18:45:507, 0xAAAA, 42443, 0.2744335, 0.17436, 0.16190, 0.00000, 0.00000
05-30-2024, 13:18:45:507, 0xAAAA, 42444, 0.2744335, 0.17436, 0.16190, 0.00000, 0.00000
05-30-2024, 13:18:45:507, 0xAAAA, 42445, 0.2744335, 0.17436, 0.16190, 0.00000, 0.00000
05-30-2024, 13:18:45:507, 0xAAAA, 42446, 0.2744335, 0.17436, 0.16190, 0.00000, 0.00000
05-30-2024, 13:18:45:507, 0xAAAA, 42447, 0.2744335, 0.17436, 0.16190, 0.00000, 0.00000
05-30-2024, 13:18:45:507, 0xAAAA, 42448, 0.2744335, 0.17436, 0.16190, 0.00000, 0.00000
05-30-2024, 13:18:45:535, 0xAAAA, 42448, 0.2744335, 0.17436, 0.16190, 0.00000, 0.00000
05-30-2024, 13:18:45:535, 0xAAAA, 42450, 0.2744335, 0.17436, 0.16190, 0.00000, 0.00000
05-30-2024, 13:18:45:535, 0xAAAA, 42451, 0.2744335, 0.17436, 0.16190, 0.00000, 0.00000
05-30-2024, 13:18:45:535, 0xAAAA, 42452, 0.2744335, 0.17436, 0.16190, 0.00000, 0.00000
05-30-2024, 13:18:45:535, 0xAAAA, 42453, 0.2744335, 0.17436, 0.16190, 0.00000, 0.00000
05-30-2024, 13:18:45:562, 0xAAAA, 42454, 0.2744335, 0.17436, 0.16190, 0.00000, 0.00000
05-30-2024, 13:18:45:562, 0xAAAA, 42460, 0.2744335, 0.17436, 0.16190, 0.00000, 0.00000
05-30-2024, 13:18:45:562, 0xAAAA, 42461, 0.2744335, 0.17436, 0.16190, 0.00000, 0.00000
05-30-2024, 13:18:45:562, 0xAAAA, 42462, 0.2744335, 0.17436, 0.16190, 0.00000, 0.00000
05-30-2024, 13:18:45:562, 0xAAAA, 42463, 0.2744335, 0.17436, 0.16190, 0.00000, 0.00000
05-30-2024, 13:18:45:590, 0xAAAA, 42464, 0.2744335, 0.17436, 0.16190, 0.00000, 0.00000
05-30-2024, 13:18:45:590, 0xAAAA, 42465, 0.2744335, 0.17436, 0.16190, 0.00000, 0.00000
05-30-2024, 13:18:45:590, 0xAAAA, 42466, 0.2744335, 0.17436, 0.16190, 0.00000, 0.00000
05-30-2024, 13:18:45:590, 0xAAAA, 42467, 0.2744335, 0.17436, 0.16190, 0.00000, 0.00000
05-30-2024, 13:18:45:590, 0xAAAA, 42468, 0.2744335, 0.17436, 0.16190, 0.00000, 0.00000
05-30-2024, 13:18:45:590, 0xAAAA, 42469, 0.2744335, 0.17436, 0.16190, 0.00000, 0.00000
05-30-2024, 13:18:45:590, 0xAAAA, 42470, 0.2744335, 0.17436, 0.16190, 0.00000, 0.00000
05-30-2024, 13:18:45:590, 0xAAAA, 42471, 0.2744335, 0.17436, 0.16190, 0.00000, 0.00000
05-30-2024, 13:18:45:590, 0xAAAA, 42472, 0.2744335, 0.17436, 0.16190, 0.00000, 0.00000
05-30-2024, 13:18:45:590, 0xAAAA, 42473, 0.2744335, 0.17436, 0.16190, 0.00000, 0.00000
05-30-2024, 13:18:45:617, 0xAAAA, 42474, 0.2744335, 0.17436, 0.16190, 0.00000, 0.00000
05-30-2024, 13:18:45:617, 0xAAAA, 42475, 0.2744335, 0.17436, 0.16190, 0.00000, 0.00000
05-30-2024, 13:18:45:617, 0xAAAA, 42476, 0.2744335, 0.17436, 0.16190, 0.00000, 0.00000
05-30-2024, 13:18:45:617, 0xAAAA, 42477, 0.2744335, 0.17436, 0.16190, 0.00000, 0.00000
05-30-2024, 13:18:45:617, 0xAAAA, 42478, 0.2744335, 0.17436, 0.16190, 0.00000, 0.00000
05-30-2024, 13:18:45:644, 0xAAAA, 42479, 0.2744335, 0.17436, 0.16190, 0.00000, 0.00000
05-30-2024, 13:18:45:644, 0xAAAA, 42480, 0.2744335, 0.17436, 0.16190, 0.00000, 0.00000
05-30-2024, 13:18:45:644, 0xAAAA, 42481, 0.2744335, 0.17436, 0.16190, 0.00000, 0.00000
05-30-2024, 13:18:45:644, 0xAAAA, 42482, 0.2744335, 0.17436, 0.16190, 0.00000, 0.00000
05-30-2024, 13:18:45:644, 0xAAAA, 42483, 0.2744335, 0.17436, 0.16190, 0.00000, 0.00000
05-30-2024, 13:18:45:644, 0xAAAA, 42484, 0.2744335, 0.17436, 0.16190, 0.00000, 0.00000
05-30-2024, 13:18:45:644, 0xAAAA, 42485, 0.2744335, 0.17436, 0.16190, 0.00000, 0.00000
05-30-2024, 13:18:45:644, 0xAAAA, 42486, 0.2744335, 0.17436, 0.16190, 0.00000, 0.00000
05-30-2024, 13:18:45:644, 0xAAAA, 42487, 0.2744335, 0.17436, 0.16190, 0.00000, 0.00000
05-30-2024, 13:18:45:644, 0xAAAA, 42488, 0.2744335, 0.17436, 0.16190, 0.00000, 0.00000
05-30-2024, 13:18:45:644, 0xAAAA, 42489, 0.2744335, 0.17436, 0.16190, 0.00000, 0.00000
05-30-2024, 13:18:45:672, 0xAAAA, 42490, 0.2744335, 0.17436, 0.16190, 0.00000, 0.00000
05-30-2024, 13:18:45:672, 0xAAAA, 42491, 0.2744335, 0.17436, 0.16190, 0.00000, 0.00000
05-30-2024, 13:18:45:672, 0xAAAA, 42492, 0.2744335, 0.17436, 0.16190, 0.00000, 0.00000
05-30-2024, 13:18:45:672, 0xAAAA, 42493, 0.2744335, 0.17436, 0.16190, 0.00000, 0.00000
05-30-2024, 13:18:45:672, 0xAAAA, 42494, 0.2744335, 0.17436, 0.16190, 0.00000, 0.00000
05-30-2024, 13:18:45:672, 0xAAAA, 42495, 0.2744335, 0.17436, 0.16190, 0.00000, 0.00000
05-30-2024, 13:18:45:672, 0xAAAA, 42496, 0.2744335, 0.17436, 0.16190, 0.00000, 0.00000
05-30-2024, 13:18:45:672, 0xAAAA, 42497, 0.2744335, 0.17436, 0.16190, 0.00000, 0.00000
05-30-2024, 13:18:45:672, 0xAAAA, 42498, 0.2744335, 0.17436, 0.16190, 0.00000, 0.00000
05-30-2024, 13:18:45:672, 0xAAAA, 42499, 0.2744335, 0.17436, 0.16190, 0.00000, 0.00000
05-30-2024, 13:18:45:699, 0xAAAA, 42500, 0.2744335, 0.17436, 0.16190, 0.00000, 0.00000
05-30-2024, 13:18:45:699, 0xAAAA, 42501, 0.2744335, 0.17436, 0.16190, 0.00000, 0.00000
05-30-2024, 13:18:45:699, 0xAAAA, 42502, 0.2744335, 0.17436, 0.16190, 0.00000, 0.00000
05-30-2024, 13:18:45:699, 0xAAAA, 42503, 0.2744335, 0.17436, 0.16190, 0.00000, 0.00000
05-30-2024, 13:18:45:699, 0xAAAA, 42504, 0.2744335, 0.17436, 0.16190, 0.00000, 0.00000
05-30-2024, 13:18:45:726, 0xAAAA, 42505, 0.2744335, 0.17436, 0.16190, 0.00000, 0.00000
05-30-2024, 13:18:45:726, 0xAAAA, 42506, 0.2744335, 0.17436, 0.16190, 0.00000, 0.00000
05-30-2024, 13:18:45:726, 0xAAAA, 42507, 0.2744335, 0.17436, 0.16190, 0.00000, 0.00000
05-30-2024, 13:18:45:726, 0xAAAA, 42508, 0.2744335, 0.17436, 0.16190, 0.00000, 0.00000
05-30-2024, 13:18:45:726, 0xAAAA, 42509, 0.2744335, 0.17436, 0.16190, 0.00000, 0.00000
05-30-2024, 13:18:45:726, 0xAAAA, 42510, 0.2744335, 0.17436, 0.16190, 0.00000, 0.00000
05-30-2024, 13:18:45:726, 0xAAAA, 42511, 0.2744335, 0.17436, 0.16190, 0.00000, 0.00000
05-30-2024, 13:18:45:726, 0xAAAA, 42512, 0.2744335, 0.17436, 0.16190, 0.00000, 0.00000
05-30-2024, 13:18:45:726, 0xAAAA, 42513, 0.2744335, 0.17436, 0.16190, 0.00000, 0.00000
05-30-2024, 13:18:45:726, 0xAAAA, 42514, 0.2744335, 0.17436, 0.16190, 0.00000, 0.00000
05-30-2024, 13:18:45:754, 0xAAAA, 42515, 0.2744335, 0.17436, 0.16190, 0.00000, 0.00000
05-30-2024, 13:18:45:754, 0xAAAA, 42516, 0.2744335, 0.17436, 0.16190, 0.00000, 0.00000
05-30-2024, 13:18:45:754, 0xAAAA, 42517, 0.2744335, 0.17436, 0.16190, 0.00000, 0.00000
05-30-2024, 13:18:45:754, 0xAAAA, 42518, 0.2744335, 0.17436, 0.16190, 0.00000, 0.00000
05-30-2024, 13:18:45:754, 0xAAAA, 42519, 0.2744335, 0.17436, 0.16190, 0.00000, 0.00000
05-30-2024, 13:18:45:754, 0xAAAA, 42520, 0.2744335, 0.17436, 0.16190, 0.00000, 0.00000
05-30-2024, 13:18:45:754, 0xAAAA, 42521, 0.2744335, 0.17436, 0.16190, 0.00000, 0.00000
05-30-2024, 13:18:45:754, 0xAAAA, 42522, 0.2744335, 0.17436, 0.16190, 0.00000, 0.00000
05-30-2024, 13:18:45:754, 0xAAAA, 42523, 0.2744335, 0.17436, 0.16190, 0.00000, 0.00000
05-30-2024, 13:18:45:754, 0xAAAA, 42524, 0.2744335, 0.17436, 0.16190, 0.00000, 0.00000
05-30-2024, 13:18:45:754, 0xAAAA, 42525, 0.2744335, 0.17436, 0.16190, 0.00000, 0.00000
05-30-2024, 13:18:45:782, 0xAAAA, 42526, 0.2744335, 0.17436, 0.16190, 0.00000, 0.00000
05-30-2024, 13:18:45:782, 0xAAAA, 42532, 0.2744335, 0.17436, 0.16190, 0.00000, 0.00000
05-30-2024, 13:18:45:782, 0xAAAA, 42533, 0.2744335, 0.17436, 0.16190, 0.00000, 0.00000
05-30-2024, 13:18:45:782, 0xAAAA, 42534, 0.2744335, 0.17436, 0.16190, 0.00000, 0.00000
05-30-2024, 13:18:45:782, 0xAAAA, 42535, 0.2744335, 0.17436, 0.16190, 0.00000, 0.00000
05-30-2024, 13:18:45:810, 0xAAAA, 42536, 0.2744335, 0.17436, 0.16190, 0.00000, 0.00000
05-30-2024, 13:18:45:810, 0xAAAA, 42537, 0.2744335, 0.17436, 0.16190, 0.00000, 0.00000
05-30-2024, 13:18:45:810, 0xAAAA, 42538, 0.2744335, 0.17436, 0.16190, 0.00000, 0.00000
05-30-2024, 13:18:45:810, 0xAAAA, 42539, 0.2744335, 0.17436, 0.16190, 0.00000, 0.00000
05-30-2024, 13:18:45:810, 0xAAAA, 42540, 0.2744335, 0.17436, 0.16190, 0.00000, 0.00000
05-30-2024, 13:18:45:837, 0xAAAA, 42541, 0.2744335, 0.17436, 0.16190, 0.00000, 0.00000
05-30-2024, 13:18:45:837, 0xAAAA, 42542, 0.2744335, 0.17436, 0.16190, 0.00000, 0.00000
05-30-2024, 13:18:45:837, 0xAAAA, 42543, 0.2744335, 0.17436, 0.16190, 0.00000, 0.00000
05-30-2024, 13:18:45:837, 0xAAAA, 42544, 0.2744335, 0.17436, 0.16190, 0.00000, 0.00000
05-30-2024, 13:18:45:837, 0xAAAA, 42545, 0.2744335, 0.17436, 0.16190, 0.00000, 0.00000
05-30-2024, 13:18:45:837, 0xAAAA, 42546, 0.2744335, 0.17436, 0.16190, 0.00000, 0.00000
05-30-2024, 13:18:45:837, 0xAAAA, 42547, 0.2744335, 0.17436, 0.16190, 0.00000, 0.00000
05-30-2024, 13:18:45:837, 0xAAAA, 42548, 0.2744335, 0.17436, 0.16190, 0.00000, 0.00000
05-30-2024, 13:18:45:837, 0xAAAA, 42549, 0.2744335, 0.17436, 0.16190, 0.00000, 0.00000
05-30-2024, 13:18:45:837, 0xAAAA, 42550, 0.2744335, 0.17436, 0.16190, 0.00000, 0.00000
05-30-2024, 13:18:45:870, 0xAAAA, 42551, 0.2744335, 0.17436, 0.16190, 0.00000, 0.00000
05-30-2024, 13:18:45:870, 0xAAAA, 42552, 0.2744335, 0.17436, 0.16190, 0.00000, 0.00000
05-30-2024, 13:18:45:870, 0xAAAA, 42553, 0.2744335, 0.17436, 0.16190, 0.00000, 0.00000
05-30-2024, 13:18:45:870, 0xAAAA, 42554, 0.2744335, 0.17436, 0.16190, 0.00000, 0.00000
05-30-2024, 13:18:45:870, 0xAAAA, 42555, 0.2744335, 0.17436, 0.16190, 0.00000, 0.00000
05-30-2024, 13:18:45:870, 0xAAAA, 42556, 0.2744335, 0.17436, 0.16190, 0.00000, 0.00000
05-30-2024, 13:18:45:870, 0xAAAA, 42557, 0.2744335, 0.17436, 0.16190, 0.00000, 0.00000
05-30-2024, 13:18:45:870, 0xAAAA, 42558, 0.2744335, 0.17436, 0.16190, 0.00000, 0.00000
05-30-2024, 13:18:45:870, 0xAAAA, 42559, 0.2744335, 0.17436, 0.16190, 0.00000, 0.00000
05-30-2024, 13:18:45:870, 0xAAAA, 42560, 0.2744335, 0.17436, 0.16190, 0.00000, 0.00000
05-30-2024, 13:18:45:870, 0xAAAA, 42561, 0.2744335, 0.17436, 0.16190, 0.00000, 0.00000
05-30-2024, 13:18:45:899, 0xAAAA, 42562, 0.2744335, 0.17436, 0.16190, 0.00000, 0.00000
05-30-2024, 13:18:45:899, 0xAAAA, 42563, 0.2744335, 0.17436, 0.16190, 0.00000, 0.00000
05-30-2024, 13:18:45:899, 0xAAAA, 42564, 0.2744335, 0.17436, 0.16190, 0.00000, 0.00000
05-30-2024, 13:18:45:899, 0xAAAA, 42565, 0.2744335, 0.17436, 0.16190, 0.00000, 0.00000
05-30-2024, 13:18:45:899, 0xAAAA, 42566, 0.2744335, 0.17436, 0.16190, 0.00000, 0.00000
05-30-2024, 13:18:45:899, 0xAAAA, 42567, 0.2744335, 0.17436, 0.16190, 0.00000, 0.00000
05-30-2024, 13:18:45:899, 0xAAAA, 42568, 0.2744335, 0.17436, 0.16190, 0.00000, 0.00000
05-30-2024, 13:18:45:899, 0xAAAA, 42569, 0.2744335, 0.17436, 0.16190, 0.00000, 0.00000
05-30-2024, 13:18:45:899, 0xAAAA, 42570, 0.2744335, 0.17436, 0.16190, 0.00000, 0.00000
05-30-2024, 13:18:45:899, 0xAAAA, 42571, 0.2744335, 0.17436, 0.16190, 0.00000, 0.00000
05-30-2024, 13:18:45:927, 0xAAAA, 42572, 0.2744335, 0.17436, 0.16190, 0.00000, 0.00000
05-30-2024, 13:18:45:927, 0xAAAA, 42573, 0.2744335, 0.17436, 0.16190, 0.00000, 0.00000
05-30-2024, 13:18:45:927, 0xAAAA, 42574, 0.2744335, 0.17436, 0.16190, 0.00000, 0.00000
05-30-2024, 13:18:45:927, 0xAAAA, 42575, 0.2744335, 0.17436, 0.16190, 0.00000, 0.00000
05-30-2024, 13:18:45:927, 0xAAAA, 42576, 0.2744335, 0.17436, 0.16190, 0.00000, 0.00000
05-30-2024, 13:18:45:927, 0xAAAA, 42577, 0.2744335, 0.17436, 0.16190, 0.00000, 0.00000
05-30-2024, 13:18:45:927, 0xAAAA, 42578, 0.2744335, 0.17436, 0.16190, 0.00000, 0.00000
05-30-2024, 13:18:45:927, 0xAAAA, 42579, 0.2744335, 0.17436, 0.16190, 0.00000, 0.00000
05-30-2024, 13:18:45:927, 0xAAAA, 42580, 0.2744335, 0.17436, 0.16190, 0.00000, 0.00000
05-30-2024, 13:18:45:927, 0xAAAA, 42581, 0.2744335, 0.17436, 0.16190, 0.00000, 0.00000
05-30-2024, 13:18:45:955, 0xAAAA, 42582, 0.2744335, 0.17436, 0.16190, 0.00000, 0.00000
05-30-2024, 13:18:45:955, 0xAAAA, 42583, 0.2744335, 0.17436, 0.16190, 0.00000, 0.00000
05-30-2024, 13:18:45:955, 0xAAAA, 42584, 0.2744335, 0.17436, 0.16190, 0.00000, 0.00000
05-30-2024, 13:18:45:955, 0xAAAA, 42585, 0.2744335, 0.17436, 0.16190, 0.00000, 0.00000
05-30-2024, 13:18:45:955, 0xAAAA, 42586, 0.2744335, 0.17436, 0.16190, 0.00000, 0.00000
05-30-2024, 13:18:45:955, 0xAAAA, 42587, 0.2744335, 0.17436, 0.16190, 0.00000, 0.00000
05-30-2024, 13:18:45:955, 0xAAAA, 42588, 0.2744335, 0.17436, 0.16190, 0.00000, 0.00000
05-30-2024, 13:18:45:955, 0xAAAA, 42589, 0.2744335, 0.17436, 0.16190, 0.00000, 0.00000
05-30-2024, 13:18:45:955, 0xAAAA, 42590, 0.2744335, 0.17436, 0.16190, 0.00000, 0.00000
05-30-2024, 13:18:45:955, 0xAAAA, 42591, 0.2744335, 0.17436, 0.16190, 0.00000, 0.00000
05-30-2024, 13:18:45:985, 0xAAAA, 42592, 0.2744335, 0.17436, 0.16190, 0.00000, 0.00000
05-30-2024, 13:18:45:985, 0xAAAA, 42593, 0.2744335, 0.17436, 0.16190, 0.00000, 0.00000
05-30-2024, 13:18:45:985, 0xAAAA, 42594, 0.2744335, 0.17436, 0.16190, 0.00000, 0.00000
05-30-2024, 13:18:45:985, 0xAAAA, 42595, 0.2744335, 0.17436, 0.16190, 0.00000, 0.00000
05-30-2024, 13:18:45:985, 0xAAAA, 42596, 0.2744335, 0.17436, 0.16190, 0.00000, 0.00000
05-30-2024, 13:18:46:13, 0xAAAA, 42597, 0.2744335, 0.17436, 0.16190, 0.00000, 0.00000
05-30-2024, 13:18:46:13, 0xAAAA, 42604, 0.2744335, 0.17436, 0.16190, 0.00000, 0.00000
05-30-2024, 13:18:46:13, 0xAAAA, 42605, 0.2744335, 0.17436, 0.16190, 0.00000, 0.00000
05-30-2024, 13:18:46:13, 0xAAAA, 42606, 0.2744335, 0.17436, 0.16190, 0.00000, 0.00000
05-30-2024, 13:18:46:13, 0xAAAA, 42607, 0.2744335, 0.17436, 0.16190, 0.00000, 0.00000
05-30-2024, 13:18:46:43, 0xAAAA, 42608, 0.2744335, 0.17436, 0.16190, 0.00000, 0.00000
05-30-2024, 13:18:46:43, 0xAAAA, 42609, 0.2744335, 0.17436, 0.16190, 0.00000, 0.00000
05-30-2024, 13:18:46:43, 0xAAAA, 42610, 0.2744335, 0.17436, 0.16190, 0.00000, 0.00000
05-30-2024, 13:18:46:43, 0xAAAA, 42611, 0.2744335, 0.17436, 0.16190, 0.00000, 0.00000
05-30-2024, 13:18:46:43, 0xAAAA, 42612, 0.2744335, 0.17436, 0.16190, 0.00000, 0.00000
05-30-2024, 13:18:46:43, 0xAAAA, 42613, 0.2744335, 0.17436, 0.16190, 0.00000, 0.00000
05-30-2024, 13:18:46:43, 0xAAAA, 42614, 0.2744335, 0.17436, 0.16190, 0.00000, 0.00000
05-30-2024, 13:18:46:43, 0xAAAA, 42615, 0.2744335, 0.17436, 0.16190, 0.00000, 0.00000
05-30-2024, 13:18:46:43, 0xAAAA, 42616, 0.2744335, 0.17436, 0.16190, 0.00000, 0.00000
05-30-2024, 13:18:46:43, 0xAAAA, 42617, 0.2744335, 0.17436, 0.16190, 0.00000, 0.00000
05-30-2024, 13:18:46:71, 0xAAAA, 42618, 0.2744335, 0.17436, 0.16190, 0.00000, 0.00000
05-30-2024, 13:18:46:71, 0xAAAA, 42619, 0.2744335, 0.17436, 0.16190, 0.00000, 0.00000
05-30-2024, 13:18:46:71, 0xAAAA, 42620, 0.2744335, 0.17436, 0.16190, 0.00000, 0.00000
05-30-2024, 13:18:46:71, 0xAAAA, 42621, 0.2744335, 0.17436, 0.16190, 0.00000, 0.00000
05-30-2024, 13:18:46:71, 0xAAAA, 42622, 0.2744335, 0.17436, 0.16190, 0.00000, 0.00000
05-30-2024, 13:18:46:71, 0xAAAA, 42623, 0.2744335, 0.17436, 0.16190, 0.00000, 0.00000
05-30-2024, 13:18:46:71, 0xAAAA, 42624, 0.2744335, 0.17436, 0.16190, 0.00000, 0.00000
05-30-2024, 13:18:46:71, 0xAAAA, 42625, 0.2744335, 0.17436, 0.16190, 0.00000, 0.00000
05-30-2024, 13:18:46:71, 0xAAAA, 42626, 0.2744335, 0.17436, 0.16190, 0.00000, 0.00000
05-30-2024, 13:18:46:71, 0xAAAA, 42627, 0.2744335, 0.17436, 0.16190, 0.00000, 0.00000
05-30-2024, 13:18:46:98, 0xAAAA, 42628, 0.2744335, 0.17436, 0.16190, 0.00000, 0.00000
05-30-2024, 13:18:46:98, 0xAAAA, 42629, 0.2744335, 0.17436, 0.16190, 0.00000, 0.00000
05-30-2024, 13:18:46:98, 0xAAAA, 42630, 0.2744335, 0.17436, 0.16190, 0.00000, 0.00000
05-30-2024, 13:18:46:98, 0xAAAA, 42631, 0.2744335, 0.17436, 0.16190, 0.00000, 0.00000
05-30-2024, 13:18:46:98, 0xAAAA, 42632, 0.2744335, 0.17436, 0.16190, 0.00000, 0.00000
05-30-2024, 13:18:46:126, 0xAAAA, 42633, 0.2744335, 0.17436, 0.16190, 0.00000, 0.00000
05-30-2024, 13:18:46:126, 0xAAAA, 42634, 0.2744335, 0.17436, 0.16190, 0.00000, 0.00000
05-30-2024, 13:18:46:126, 0xAAAA, 42635, 0.2744335, 0.17436, 0.16190, 0.00000, 0.00000
05-30-2024, 13:18:46:126, 0xAAAA, 42636, 0.2744335, 0.17436, 0.16190, 0.00000, 0.00000
05-30-2024, 13:18:46:126, 0xAAAA, 42637, 0.2744335, 0.17436, 0.16190, 0.00000, 0.00000
05-30-2024, 13:18:46:126, 0xAAAA, 42638, 0.2744335, 0.17436, 0.16190, 0.00000, 0.00000
05-30-2024, 13:18:46:126, 0xAAAA, 42639, 0.2744335, 0.17436, 0.16190, 0.00000, 0.00000
05-30-2024, 13:18:46:126, 0xAAAA, 42640, 0.2744335, 0.17436, 0.16190, 0.00000, 0.00000
05-30-2024, 13:18:46:126, 0xAAAA, 42641, 0.2744335, 0.17436, 0.16190, 0.00000, 0.00000
05-30-2024, 13:18:46:126, 0xAAAA, 42642, 0.2744335, 0.17436, 0.16190, 0.00000, 0.00000
05-30-2024, 13:18:46:126, 0xAAAA, 42643, 0.2744335, 0.17436, 0.16190, 0.00000, 0.00000
05-30-2024, 13:18:46:153, 0xAAAA, 42644, 0.2744335, 0.17436, 0.16190, 0.00000, 0.00000
05-30-2024, 13:18:46:153, 0xAAAA, 42645, 0.2744335, 0.17436, 0.16190, 0.00000, 0.00000
05-30-2024, 13:18:46:153, 0xAAAA, 42646, 0.2744335, 0.17436, 0.16190, 0.00000, 0.00000
05-30-2024, 13:18:46:153, 0xAAAA, 42647, 0.2744335, 0.17436, 0.16190, 0.00000, 0.00000
05-30-2024, 13:18:46:153, 0xAAAA, 42648, 0.2744335, 0.17436, 0.16190, 0.00000, 0.00000
05-30-2024, 13:18:46:153, 0xAAAA, 42649, 0.2744335, 0.17436, 0.16190, 0.00000, 0.00000
05-30-2024, 13:18:46:153, 0xAAAA, 42650, 0.2744335, 0.17436, 0.16190, 0.00000, 0.00000
05-30-2024, 13:18:46:153, 0xAAAA, 42651, 0.2744335, 0.17436, 0.16190, 0.00000, 0.00000
05-30-2024, 13:18:46:153, 0xAAAA, 42652, 0.2744335, 0.17436, 0.16190, 0.00000, 0.00000
05-30-2024, 13:18:46:153, 0xAAAA, 42653, 0.2744335, 0.17436, 0.16190, 0.00000, 0.00000
05-30-2024, 13:18:46:181, 0xAAAA, 42654, 0.2744335, 0.17436, 0.16190, 0.00000, 0.00000
05-30-2024, 13:18:46:181, 0xAAAA, 42655, 0.2744335, 0.17436, 0.16190, 0.00000, 0.00000
05-30-2024, 13:18:46:181, 0xAAAA, 42656, 0.2744335, 0.17436, 0.16190, 0.00000, 0.00000
05-30-2024, 13:18:46:181, 0xAAAA, 42657, 0.2744335, 0.17436, 0.16190, 0.00000, 0.00000
05-30-2024, 13:18:46:181, 0xAAAA, 42658, 0.2744335, 0.17436, 0.16190, 0.00000, 0.00000
05-30-2024, 13:18:46:181, 0xAAAA, 42659, 0.2744335, 0.17436, 0.16190, 0.00000, 0.00000
05-30-2024, 13:18:46:181, 0xAAAA, 42660, 0.2744335, 0.17436, 0.16190, 0.00000, 0.00000
05-30-2024, 13:18:46:181, 0xAAAA, 42661, 0.2744335, 0.17436, 0.16190, 0.00000, 0.00000
05-30-2024, 13:18:46:181, 0xAAAA, 42662, 0.2744335, 0.17436, 0.16190, 0.00000, 0.00000
05-30-2024, 13:18:46:181, 0xAAAA, 42663, 0.2744335, 0.17436, 0.16190, 0.00000, 0.00000
05-30-2024, 13:18:46:209, 0xAAAA, 42664, 0.2744335, 0.17436, 0.16190, 0.00000, 0.00000
05-30-2024, 13:18:46:209, 0xAAAA, 42665, 0.2744335, 0.17436, 0.16190, 0.00000, 0.00000
05-30-2024, 13:18:46:209, 0xAAAA, 42666, 0.2744335, 0.17436, 0.16190, 0.00000, 0.00000
05-30-2024, 13:18:46:209, 0xAAAA, 42667, 0.2744335, 0.17436, 0.16190, 0.00000, 0.00000
05-30-2024, 13:18:46:209, 0xAAAA, 42668, 0.2744335, 0.17436, 0.16190, 0.00000, 0.00000
05-30-2024, 13:18:46:237, 0xAAAA, 42669, 0.2744335, 0.17436, 0.16190, 0.00000, 0.00000
05-30-2024, 13:18:46:237, 0xAAAA, 42676, 0.2744335, 0.17436, 0.16190, 0.00000, 0.00000
05-30-2024, 13:18:46:237, 0xAAAA, 42677, 0.2744335, 0.17436, 0.16190, 0.00000, 0.00000
05-30-2024, 13:18:46:237, 0xAAAA, 42678, 0.2744335, 0.17436, 0.16190, 0.00000, 0.00000
05-30-2024, 13:18:46:237, 0xAAAA, 42679, 0.2744335, 0.17436, 0.16190, 0.00000, 0.00000
05-30-2024, 13:18:46:265, 0xAAAA, 42680, 0.2744335, 0.17436, 0.16190, 0.00000, 0.00000
05-30-2024, 13:18:46:265, 0xAAAA, 42681, 0.2744335, 0.17436, 0.16190, 0.00000, 0.00000
05-30-2024, 13:18:46:265, 0xAAAA, 42682, 0.2744335, 0.17436, 0.16190, 0.00000, 0.00000
05-30-2024, 13:18:46:265, 0xAAAA, 42683, 0.2744335, 0.17436, 0.16190, 0.00000, 0.00000
05-30-2024, 13:18:46:265, 0xAAAA, 42684, 0.2744335, 0.17436, 0.16190, 0.00000, 0.00000
05-30-2024, 13:18:46:265, 0xAAAA, 42685, 0.2744335, 0.17436, 0.16190, 0.00000, 0.00000
05-30-2024, 13:18:46:265, 0xAAAA, 42686, 0.2744335, 0.17436, 0.16190, 0.00000, 0.00000
05-30-2024, 13:18:46:265, 0xAAAA, 42687, 0.2744335, 0.17436, 0.16190, 0.00000, 0.00000
05-30-2024, 13:18:46:265, 0xAAAA, 42688, 0.2744335, 0.17436, 0.16190, 0.00000, 0.00000
05-30-2024, 13:18:46:265, 0xAAAA, 42689, 0.2744335, 0.17436, 0.16190, 0.00000, 0.00000
05-30-2024, 13:18:46:294, 0xAAAA, 42690, 0.2744335, 0.17436, 0.16190, 0.00000, 0.00000
05-30-2024, 13:18:46:294, 0xAAAA, 42691, 0.2744335, 0.17436, 0.16190, 0.00000, 0.00000
05-30-2024, 13:18:46:294, 0xAAAA, 42692, 0.2744335, 0.17436, 0.16190, 0.00000, 0.00000
05-30-2024, 13:18:46:294, 0xAAAA, 42693, 0.2744335, 0.17436, 0.16190, 0.00000, 0.00000
05-30-2024, 13:18:46:294, 0xAAAA, 42694, 0.2744335, 0.17436, 0.16190, 0.00000, 0.00000
05-30-2024, 13:18:46:294, 0xAAAA, 42695, 0.2744335, 0.17436, 0.16190, 0.00000, 0.00000
05-30-2024, 13:18:46:294, 0xAAAA, 42696, 0.2744335, 0.17436, 0.16190, 0.00000, 0.00000
05-30-2024, 13:18:46:294, 0xAAAA, 42697, 0.2744335, 0.17436, 0.16190, 0.00000, 0.00000
05-30-2024, 13:18:46:294, 0xAAAA, 42698, 0.2744335, 0.17436, 0.16190, 0.00000, 0.00000
05-30-2024, 13:18:46:294, 0xAAAA, 42699, 0.2744335, 0.17436, 0.16190, 0.00000, 0.00000
05-30-2024, 13:18:46:321, 0xAAAA, 42700, 0.2744335, 0.17436, 0.16190, 0.00000, 0.00000
05-30-2024, 13:18:46:321, 0xAAAA, 42701, 0.2744335, 0.17436, 0.16190, 0.00000, 0.00000
05-30-2024, 13:18:46:321, 0xAAAA, 42702, 0.2744335, 0.17436, 0.16190, 0.00000, 0.00000
05-30-2024, 13:18:46:321, 0xAAAA, 42703, 0.2744335, 0.17436, 0.16190, 0.00000, 0.00000
05-30-2024, 13:18:46:321, 0xAAAA, 42704, 0.2744335, 0.17436, 0.16190, 0.00000, 0.00000
05-30-2024, 13:18:46:348, 0xAAAA, 42705, 0.2744335, 0.17436, 0.16190, 0.00000, 0.00000
05-30-2024, 13:18:46:348, 0xAAAA, 42706, 0.2744335, 0.17436, 0.16190, 0.00000, 0.00000
05-30-2024, 13:18:46:348, 0xAAAA, 42707, 0.2744335, 0.17436, 0.16190, 0.00000, 0.00000
05-30-2024, 13:18:46:348, 0xAAAA, 42708, 0.2744335, 0.17436, 0.16190, 0.00000, 0.00000
05-30-2024, 13:18:46:348, 0xAAAA, 42709, 0.2744335, 0.17436, 0.16190, 0.00000, 0.00000
05-30-2024, 13:18:46:348, 0xAAAA, 42710, 0.2744335, 0.17436, 0.16190, 0.00000, 0.00000
05-30-2024, 13:18:46:348, 0xAAAA, 42711, 0.2744335, 0.17436, 0.16190, 0.00000, 0.00000
05-30-2024, 13:18:46:348, 0xAAAA, 42712, 0.2744335, 0.17436, 0.16190, 0.00000, 0.00000
05-30-2024, 13:18:46:348, 0xAAAA, 42713, 0.2744335, 0.17436, 0.16190, 0.00000, 0.00000
05-30-2024, 13:18:46:348, 0xAAAA, 42714, 0.2744335, 0.17436, 0.16190, 0.00000, 0.00000
05-30-2024, 13:18:46:348, 0xAAAA, 42715, 0.2744335, 0.17436, 0.16190, 0.00000, 0.00000
05-30-2024, 13:18:46:376, 0xAAAA, 42716, 0.2744335, 0.17436, 0.16190, 0.00000, 0.00000
05-30-2024, 13:18:46:376, 0xAAAA, 42717, 0.2744335, 0.17436, 0.16190, 0.00000, 0.00000
05-30-2024, 13:18:46:376, 0xAAAA, 42718, 0.2744335, 0.17436, 0.16190, 0.00000, 0.00000
05-30-2024, 13:18:46:376, 0xAAAA, 42719, 0.2744335, 0.17436, 0.16190, 0.00000, 0.00000
05-30-2024, 13:18:46:376, 0xAAAA, 42720, 0.2744335, 0.17436, 0.16190, 0.00000, 0.00000
05-30-2024, 13:18:46:376, 0xAAAA, 42721, 0.2744335, 0.17436, 0.16190, 0.00000, 0.00000
05-30-2024, 13:18:46:376, 0xAAAA, 42722, 0.2744335, 0.17436, 0.16190, 0.00000, 0.00000
05-30-2024, 13:18:46:376, 0xAAAA, 42723, 0.2744335, 0.17436, 0.16190, 0.00000, 0.00000
05-30-2024, 13:18:46:376, 0xAAAA, 42724, 0.2744335, 0.17436, 0.16190, 0.00000, 0.00000
05-30-2024, 13:18:46:376, 0xAAAA, 42725, 0.2744335, 0.17436, 0.16190, 0.00000, 0.00000
05-30-2024, 13:18:46:403, 0xAAAA, 42726, 0.2744335, 0.17436, 0.16190, 0.00000, 0.00000
05-30-2024, 13:18:46:403, 0xAAAA, 42727, 0.2744335, 0.17436, 0.16190, 0.00000, 0.00000
05-30-2024, 13:18:46:403, 0xAAAA, 42728, 0.2744335, 0.17436, 0.16190, 0.00000, 0.00000
05-30-2024, 13:18:46:403, 0xAAAA, 42729, 0.2744335, 0.17436, 0.16190, 0.00000, 0.00000
05-30-2024, 13:18:46:403, 0xAAAA, 42730, 0.2744335, 0.17436, 0.16190, 0.00000, 0.00000
05-30-2024, 13:18:46:403, 0xAAAA, 42731, 0.2744335, 0.17436, 0.16190, 0.00000, 0.00000
05-30-2024, 13:18:46:403, 0xAAAA, 42732, 0.2744335, 0.17436, 0.16190, 0.00000, 0.00000
05-30-2024, 13:18:46:403, 0xAAAA, 42733, 0.2744335, 0.17436, 0.16190, 0.00000, 0.00000
05-30-2024, 13:18:46:403, 0xAAAA, 42734, 0.2744335, 0.17436, 0.16190, 0.00000, 0.00000
05-30-2024, 13:18:46:403, 0xAAAA, 42735, 0.2744335, 0.17436, 0.16190, 0.00000, 0.00000
05-30-2024, 13:18:46:432, 0xAAAA, 42736, 0.2744335, 0.17436, 0.16190, 0.00000, 0.00000
05-30-2024, 13:18:46:432, 0xAAAA, 42737, 0.2744335, 0.17436, 0.16190, 0.00000, 0.00000
05-30-2024, 13:18:46:432, 0xAAAA, 42738, 0.2744335, 0.17436, 0.16190, 0.00000, 0.00000
05-30-2024, 13:18:46:432, 0xAAAA, 42739, 0.2744335, 0.17436, 0.16190, 0.00000, 0.00000
05-30-2024, 13:18:46:432, 0xAAAA, 42740, 0.2744335, 0.17436, 0.16190, 0.00000, 0.00000
