uptime, sync, seq, step, SWPMON, temp1, adc
15227912, 0xAAAA, 0000, 0000, 0.08381, 0.00000, 0.0000000
15231036, 0xAAAA, 0001, 0000, 0.08462, 0.00000, 0.0000000
15234253, 0xAAAA, 0002, 0001, 0.08462, 0.00000, 0.0000000
15237266, 0xAAAA, 0003, 0001, 0.08864, 0.00000, 0.0000000
15240392, 0xAAAA, 0004, 0002, 0.08864, 0.00000, 0.0000000
15243517, 0xAAAA, 0005, 0002, 0.08864, 0.00242, 0.0000000
15246653, 0xAAAA, 0006, 0003, 0.08945, 0.00000, 0.0000000
15249784, 0xAAAA, 0007, 0003, 0.08945, 0.00000, 0.0000000
15252923, 0xAAAA, 0008, 0004, 0.08945, 0.00000, 0.0000000
15256052, 0xAAAA, 0009, 0004, 0.08945, 0.00000, 0.0000000
15259239, 0xAAAA, 0010, 0005, 0.08945, 0.00000, 0.0000000
15262283, 0xAAAA, 0011, 0005, 0.08945, 0.00000, 0.0000000
15265396, 0xAAAA, 0012, 0006, 0.08945, 0.00000, 0.0000000
15268519, 0xAAAA, 0013, 0006, 0.09026, 0.00000, 0.0000000
15271661, 0xAAAA, 0014, 0007, 0.08945, 0.00000, 0.0000000
15274770, 0xAAAA, 0015, 0007, 0.09026, 0.00000, 0.0000000
15277896, 0xAAAA, 0016, 0007, 0.09026, 0.00000, 0.0000000
15281076, 0xAAAA, 0017, 0007, 0.09026, 0.00000, 0.0000000
15284237, 0xAAAA, 0018, 0006, 0.09026, 0.00000, 0.0000000
15287266, 0xAAAA, 0019, 0006, 0.09026, 0.00000, 0.0000000
15290398, 0xAAAA, 0020, 0005, 0.09026, 0.00000, 0.0000000
15293516, 0xAAAA, 0021, 0005, 0.09187, 0.00000, 0.0000000
15296641, 0xAAAA, 0022, 0004, 0.08945, 0.00000, 0.0000000
15299778, 0xAAAA, 0023, 0004, 0.08945, 0.00000, 0.0000000
15302891, 0xAAAA, 0024, 0003, 0.08945, 0.00000, 0.0000000
15306036, 0xAAAA, 0025, 0003, 0.08945, 0.00000, 0.0000000
15309220, 0xAAAA, 0026, 0002, 0.08945, 0.00081, 0.0000000
15312278, 0xAAAA, 0027, 0002, 0.08945, 0.00000, 0.0000000
15315409, 0xAAAA, 0028, 0001, 0.08945, 0.00242, 0.0000000
15318519, 0xAAAA, 0029, 0001, 0.08945, 0.00000, 0.0000000
15321645, 0xAAAA, 0030, 0000, 0.08864, 0.00000, 0.0000000
15324785, 0xAAAA, 0031, 0000, 0.08864, 0.00000, 0.0000000
15327895, 0xAAAA, 0032, 0000, 0.08381, 0.00000, 0.0000000
15331039, 0xAAAA, 0033, 0000, 0.08462, 0.00000, 0.0000000
15334249, 0xAAAA, 0034, 0001, 0.08381, 0.00000, 0.0000000
15337270, 0xAAAA, 0035, 0001, 0.08462, 0.00000, 0.0000000
15340395, 0xAAAA, 0036, 0002, 0.08864, 0.00000, 0.0000000
15343536, 0xAAAA, 0037, 0002, 0.08864, 0.00000, 0.0000000
15346654, 0xAAAA, 0038, 0003, 0.08945, 0.00000, 0.0000000
15349783, 0xAAAA, 0039, 0003, 0.08945, 0.00000, 0.0000000
15352920, 0xAAAA, 0040, 0004, 0.08945, 0.00000, 0.0000000
15356035, 0xAAAA, 0041, 0004, 0.08945, 0.00000, 0.0000000
15359239, 0xAAAA, 0042, 0005, 0.08945, 0.00000, 0.0000000
15362282, 0xAAAA, 0043, 0005, 0.08945, 0.00000, 0.0000000
15365390, 0xAAAA, 0044, 0006, 0.08945, 0.00000, 0.0000000
15368518, 0xAAAA, 0045, 0006, 0.08945, 0.00000, 0.0000000
15371655, 0xAAAA, 0046, 0007, 0.08945, 0.00000, 0.0000000
15374767, 0xAAAA, 0047, 0007, 0.09026, 0.00000, 0.0000000
15377896, 0xAAAA, 0048, 0007, 0.09026, 0.00000, 0.0000000
15381052, 0xAAAA, 0049, 0007, 0.09026, 0.00000, 0.0000000
15384237, 0xAAAA, 0050, 0006, 0.09026, 0.00000, 0.0000000
15387270, 0xAAAA, 0051, 0006, 0.09026, 0.00242, 0.0000000
15390400, 0xAAAA, 0052, 0005, 0.09026, 0.00000, 0.0000000
15393520, 0xAAAA, 0053, 0005, 0.08945, 0.00000, 0.0000000
15396645, 0xAAAA, 0054, 0004, 0.09026, 0.00000, 0.0000000
15399769, 0xAAAA, 0055, 0004, 0.08945, 0.00000, 0.0000000
15402895, 0xAAAA, 0056, 0003, 0.08945, 0.00000, 0.0000000
15406040, 0xAAAA, 0057, 0003, 0.08945, 0.00000, 0.0000000
15409223, 0xAAAA, 0058, 0002, 0.08945, 0.00000, 0.0000000
15412278, 0xAAAA, 0059, 0002, 0.08945, 0.00000, 0.0000000
15415423, 0xAAAA, 0060, 0001, 0.08945, 0.00000, 0.0000000
15418516, 0xAAAA, 0061, 0001, 0.08864, 0.00000, 0.0000000
15421641, 0xAAAA, 0062, 0000, 0.08864, 0.00000, 0.0000000
15424779, 0xAAAA, 0063, 0000, 0.08864, 0.00000, 0.0000000
15427891, 0xAAAA, 0064, 0000, 0.08381, 0.00000, 0.0000000
15431036, 0xAAAA, 0065, 0000, 0.08542, 0.00000, 0.0000000
15434254, 0xAAAA, 0066, 0001, 0.08381, 0.00000, 0.0000000
15437268, 0xAAAA, 0067, 0001, 0.08784, 0.00000, 0.0000000
15440392, 0xAAAA, 0068, 0002, 0.08784, 0.00000, 0.0000000
15443529, 0xAAAA, 0069, 0002, 0.08784, 0.00000, 0.0000000
15446654, 0xAAAA, 0070, 0003, 0.09026, 0.00000, 0.0000000
15449783, 0xAAAA, 0071, 0003, 0.08945, 0.00000, 0.0000000
15452894, 0xAAAA, 0072, 0004, 0.08945, 0.00000, 0.0000000
15456052, 0xAAAA, 0073, 0004, 0.08945, 0.00000, 0.0000000
15459238, 0xAAAA, 0074, 0005, 0.08945, 0.00000, 0.0000000
15462282, 0xAAAA, 0075, 0005, 0.08945, 0.00000, 0.0000000
15465395, 0xAAAA, 0076, 0006, 0.08945, 0.00000, 0.0000000
15468520, 0xAAAA, 0077, 0006, 0.08945, 0.00000, 0.0000000
15471646, 0xAAAA, 0078, 0007, 0.09026, 0.00000, 0.0000000
15474770, 0xAAAA, 0079, 0007, 0.09026, 0.00000, 0.0000000
15477898, 0xAAAA, 0080, 0007, 0.09026, 0.00000, 0.0000000
15481052, 0xAAAA, 0081, 0007, 0.08945, 0.00000, 0.0000000
15484236, 0xAAAA, 0082, 0006, 0.09026, 0.00000, 0.0000000
15487298, 0xAAAA, 0083, 0006, 0.08945, 0.00000, 0.0000000
15490391, 0xAAAA, 0084, 0005, 0.09026, 0.00000, 0.0000000
15493517, 0xAAAA, 0085, 0005, 0.08945, 0.00000, 0.0000000
15496641, 0xAAAA, 0086, 0004, 0.08945, 0.00000, 0.0000000
15499766, 0xAAAA, 0087, 0004, 0.08945, 0.00000, 0.0000000
15502892, 0xAAAA, 0088, 0003, 0.08945, 0.00000, 0.0000000
15506051, 0xAAAA, 0089, 0003, 0.08945, 0.00000, 0.0000000
15509220, 0xAAAA, 0090, 0002, 0.08945, 0.00000, 0.0000000
15512279, 0xAAAA, 0091, 0002, 0.08945, 0.00000, 0.0000000
15515420, 0xAAAA, 0092, 0001, 0.08945, 0.00000, 0.0000000
15518520, 0xAAAA, 0093, 0001, 0.08945, 0.00000, 0.0000000
15521645, 0xAAAA, 0094, 0000, 0.08864, 0.00000, 0.0000000
15524782, 0xAAAA, 0095, 0000, 0.08462, 0.00000, 0.0000000
15527895, 0xAAAA, 0096, 0000, 0.08462, 0.00000, 0.0000000
15531039, 0xAAAA, 0097, 0000, 0.08462, 0.00000, 0.0000000
15534251, 0xAAAA, 0098, 0001, 0.08462, 0.00000, 0.0000000
15537271, 0xAAAA, 0099, 0001, 0.08462, 0.00000, 0.0000000
15540395, 0xAAAA, 0100, 0002, 0.08864, 0.00000, 0.0000000
15543520, 0xAAAA, 0101, 0002, 0.08864, 0.00000, 0.0000000
15546655, 0xAAAA, 0102, 0003, 0.08945, 0.00000, 0.0000000
15549783, 0xAAAA, 0103, 0003, 0.08945, 0.00000, 0.0000000
15552891, 0xAAAA, 0104, 0004, 0.08945, 0.00000, 0.0000000
15556035, 0xAAAA, 0105, 0004, 0.08945, 0.00000, 0.0000000
15559254, 0xAAAA, 0106, 0005, 0.08945, 0.00000, 0.0000000
15562266, 0xAAAA, 0107, 0005, 0.08945, 0.00081, 0.0000000
15565392, 0xAAAA, 0108, 0006, 0.08945, 0.00000, 0.0000000
15568518, 0xAAAA, 0109, 0006, 0.09026, 0.00000, 0.0000000
15571642, 0xAAAA, 0110, 0007, 0.08945, 0.00000, 0.0000000
15574767, 0xAAAA, 0111, 0007, 0.09026, 0.00000, 0.0000000
15577913, 0xAAAA, 0112, 0007, 0.09026, 0.00000, 0.0000000
15581052, 0xAAAA, 0113, 0007, 0.09026, 0.00000, 0.0000000
15584237, 0xAAAA, 0114, 0006, 0.09026, 0.00000, 0.0000000
15587296, 0xAAAA, 0115, 0006, 0.09026, 0.00081, 0.0000000
15590395, 0xAAAA, 0116, 0005, 0.08945, 0.00000, 0.0000000
15593520, 0xAAAA, 0117, 0005, 0.09026, 0.00000, 0.0000000
15596659, 0xAAAA, 0118, 0004, 0.09026, 0.00081, 0.0000000
15599769, 0xAAAA, 0119, 0004, 0.08945, 0.00000, 0.0000000
15602895, 0xAAAA, 0120, 0003, 0.08945, 0.00000, 0.0000000
15606052, 0xAAAA, 0121, 0003, 0.08945, 0.00000, 0.0000000
15609223, 0xAAAA, 0122, 0002, 0.08945, 0.00000, 0.0000000
15612280, 0xAAAA, 0123, 0002, 0.08945, 0.00081, 0.0000000
15615409, 0xAAAA, 0124, 0001, 0.08945, 0.00000, 0.0000000
15618516, 0xAAAA, 0125, 0001, 0.08864, 0.00081, 0.0000000
15621641, 0xAAAA, 0126, 0000, 0.08945, 0.00000, 0.0000000
15624776, 0xAAAA, 0127, 0000, 0.08864, 0.00000, 0.0000000
15627890, 0xAAAA, 0128, 0000, 0.08381, 0.00000, 0.0000000
15631052, 0xAAAA, 0129, 0000, 0.08623, 0.00000, 0.0000000
15634237, 0xAAAA, 0130, 0001, 0.08381, 0.00000, 0.0000000
15637268, 0xAAAA, 0131, 0001, 0.08864, 0.00000, 0.0000000
15640392, 0xAAAA, 0132, 0002, 0.09026, 0.00000, 0.0000000
15643520, 0xAAAA, 0133, 0002, 0.08864, 0.00000, 0.0000000
15646658, 0xAAAA, 0134, 0003, 0.09106, 0.00000, 0.0000000
15649799, 0xAAAA, 0135, 0003, 0.08945, 0.00000, 0.0000000
15652894, 0xAAAA, 0136, 0004, 0.08945, 0.00000, 0.0000000
15656039, 0xAAAA, 0137, 0004, 0.08945, 0.00000, 0.0000000
15659251, 0xAAAA, 0138, 0005, 0.08945, 0.00000, 0.0000000
15662270, 0xAAAA, 0139, 0005, 0.08945, 0.00000, 0.0000000
15665396, 0xAAAA, 0140, 0006, 0.08945, 0.00000, 0.0000000
15668534, 0xAAAA, 0141, 0006, 0.09026, 0.00000, 0.0000000
15671645, 0xAAAA, 0142, 0007, 0.08945, 0.00081, 0.0000000
15674769, 0xAAAA, 0143, 0007, 0.09026, 0.00000, 0.0000000
15677911, 0xAAAA, 0144, 0007, 0.09026, 0.00081, 0.0000000
15681052, 0xAAAA, 0145, 0007, 0.08945, 0.00000, 0.0000000
15684253, 0xAAAA, 0146, 0006, 0.09026, 0.00000, 0.0000000
15687266, 0xAAAA, 0147, 0006, 0.08945, 0.00000, 0.0000000
15690391, 0xAAAA, 0148, 0005, 0.08945, 0.00000, 0.0000000
15693516, 0xAAAA, 0149, 0005, 0.08945, 0.00000, 0.0000000
15696651, 0xAAAA, 0150, 0004, 0.09026, 0.00000, 0.0000000
15699766, 0xAAAA, 0151, 0004, 0.08945, 0.00000, 0.0000000
15702892, 0xAAAA, 0152, 0003, 0.08945, 0.00000, 0.0000000
15706036, 0xAAAA, 0153, 0003, 0.08945, 0.00000, 0.0000000
15709219, 0xAAAA, 0154, 0002, 0.08945, 0.00000, 0.0000000
15712281, 0xAAAA, 0155, 0002, 0.08864, 0.00322, 0.0000000
15715409, 0xAAAA, 0156, 0001, 0.08945, 0.00000, 0.0000000
15718520, 0xAAAA, 0157, 0001, 0.08945, 0.00000, 0.0000000
15721660, 0xAAAA, 0158, 0000, 0.08864, 0.00000, 0.0000000
15724770, 0xAAAA, 0159, 0000, 0.08462, 0.00000, 0.0000000
15727895, 0xAAAA, 0160, 0000, 0.08462, 0.00000, 0.0000000
15731052, 0xAAAA, 0161, 0000, 0.08462, 0.00000, 0.0000000
15734237, 0xAAAA, 0162, 0001, 0.08462, 0.00000, 0.0000000
15737271, 0xAAAA, 0163, 0001, 0.08381, 0.00000, 0.0000000
15740410, 0xAAAA, 0164, 0002, 0.08864, 0.00000, 0.0000000
15743521, 0xAAAA, 0165, 0002, 0.08945, 0.00000, 0.0000000
15746658, 0xAAAA, 0166, 0003, 0.08945, 0.00000, 0.0000000
15749795, 0xAAAA, 0167, 0003, 0.08945, 0.00000, 0.0000000
15752890, 0xAAAA, 0168, 0004, 0.08945, 0.00000, 0.0000000
15756035, 0xAAAA, 0169, 0004, 0.08945, 0.00000, 0.0000000
15759251, 0xAAAA, 0170, 0005, 0.08945, 0.00000, 0.0000000
15762268, 0xAAAA, 0171, 0005, 0.08945, 0.00000, 0.0000000
15765392, 0xAAAA, 0172, 0006, 0.08945, 0.00000, 0.0000000
15768528, 0xAAAA, 0173, 0006, 0.09026, 0.00000, 0.0000000
15771642, 0xAAAA, 0174, 0007, 0.09026, 0.00000, 0.0000000
15774766, 0xAAAA, 0175, 0007, 0.08945, 0.00000, 0.0000000
15777899, 0xAAAA, 0176, 0007, 0.09026, 0.00000, 0.0000000
15781052, 0xAAAA, 0177, 0007, 0.09026, 0.00000, 0.0000000
15784250, 0xAAAA, 0178, 0006, 0.08945, 0.00000, 0.0000000
15787270, 0xAAAA, 0179, 0006, 0.09026, 0.00000, 0.0000000
15790395, 0xAAAA, 0180, 0005, 0.08945, 0.00000, 0.0000000
15793536, 0xAAAA, 0181, 0005, 0.08945, 0.00000, 0.0000000
15796645, 0xAAAA, 0182, 0004, 0.09026, 0.00000, 0.0000000
15799770, 0xAAAA, 0183, 0004, 0.08945, 0.00000, 0.0000000
15802895, 0xAAAA, 0184, 0003, 0.08945, 0.00000, 0.0000000
15806039, 0xAAAA, 0185, 0003, 0.08945, 0.00000, 0.0000000
15809223, 0xAAAA, 0186, 0002, 0.08945, 0.00000, 0.0000000
15812296, 0xAAAA, 0187, 0002, 0.08945, 0.00000, 0.0000000
15815409, 0xAAAA, 0188, 0001, 0.08945, 0.00000, 0.0000000
15818516, 0xAAAA, 0189, 0001, 0.08864, 0.00000, 0.0000000
15821653, 0xAAAA, 0190, 0000, 0.08864, 0.00000, 0.0000000
15824767, 0xAAAA, 0191, 0000, 0.08784, 0.00000, 0.0000000
15827892, 0xAAAA, 0192, 0000, 0.08381, 0.00000, 0.0000000
15831050, 0xAAAA, 0193, 0000, 0.08381, 0.00000, 0.0000000
15834237, 0xAAAA, 0194, 0001, 0.08542, 0.00000, 0.0000000
15837268, 0xAAAA, 0195, 0001, 0.08623, 0.00000, 0.0000000
15840403, 0xAAAA, 0196, 0002, 0.08784, 0.00000, 0.0000000
15843521, 0xAAAA, 0197, 0002, 0.08784, 0.00000, 0.0000000
15846658, 0xAAAA, 0198, 0003, 0.09026, 0.00000, 0.0000000
15849783, 0xAAAA, 0199, 0003, 0.08945, 0.00000, 0.0000000
15852894, 0xAAAA, 0200, 0004, 0.08945, 0.00000, 0.0000000
15856038, 0xAAAA, 0201, 0004, 0.08945, 0.00322, 0.0000000
15859247, 0xAAAA, 0202, 0005, 0.08945, 0.00000, 0.0000000
15862271, 0xAAAA, 0203, 0005, 0.08945, 0.00000, 0.0000000
15865395, 0xAAAA, 0204, 0006, 0.08945, 0.00000, 0.0000000
15868520, 0xAAAA, 0205, 0006, 0.09026, 0.00081, 0.0000000
15871645, 0xAAAA, 0206, 0007, 0.09026, 0.00000, 0.0000000
15874770, 0xAAAA, 0207, 0007, 0.09026, 0.00322, 0.0000000
15877900, 0xAAAA, 0208, 0007, 0.09026, 0.00000, 0.0000000
15881052, 0xAAAA, 0209, 0007, 0.08945, 0.00000, 0.0000000
15884254, 0xAAAA, 0210, 0006, 0.09026, 0.00000, 0.0000000
15887267, 0xAAAA, 0211, 0006, 0.09026, 0.00000, 0.0000000
15890391, 0xAAAA, 0212, 0005, 0.08945, 0.00000, 0.0000000
15893529, 0xAAAA, 0213, 0005, 0.09026, 0.00000, 0.0000000
15896641, 0xAAAA, 0214, 0004, 0.08945, 0.00000, 0.0000000
15899766, 0xAAAA, 0215, 0004, 0.08945, 0.00000, 0.0000000
15902907, 0xAAAA, 0216, 0003, 0.08945, 0.00000, 0.0000000
15906036, 0xAAAA, 0217, 0003, 0.08945, 0.00000, 0.0000000
15909220, 0xAAAA, 0218, 0002, 0.08945, 0.00161, 0.0000000
15912293, 0xAAAA, 0219, 0002, 0.08945, 0.00000, 0.0000000
15915409, 0xAAAA, 0220, 0001, 0.08945, 0.00000, 0.0000000
15918519, 0xAAAA, 0221, 0001, 0.08864, 0.00000, 0.0000000
15921648, 0xAAAA, 0222, 0000, 0.08864, 0.00000, 0.0000000
15924770, 0xAAAA, 0223, 0000, 0.08462, 0.00000, 0.0000000
15927895, 0xAAAA, 0224, 0000, 0.08381, 0.00000, 0.0000000
15931051, 0xAAAA, 0225, 0000, 0.08462, 0.00000, 0.0000000
15934236, 0xAAAA, 0226, 0001, 0.08462, 0.00000, 0.0000000
15937271, 0xAAAA, 0227, 0001, 0.08462, 0.00000, 0.0000000
15940396, 0xAAAA, 0228, 0002, 0.08864, 0.00081, 0.0000000
15943522, 0xAAAA, 0229, 0002, 0.08864, 0.00000, 0.0000000
15946658, 0xAAAA, 0230, 0003, 0.08945, 0.00000, 0.0000000
15949766, 0xAAAA, 0231, 0003, 0.08945, 0.00000, 0.0000000
15952890, 0xAAAA, 0232, 0004, 0.08945, 0.00000, 0.0000000
15956080, 0xAAAA, 0233, 0004, 0.08945, 0.00000, 0.0000000
15959238, 0xAAAA, 0234, 0005, 0.08945, 0.00000, 0.0000000
15962267, 0xAAAA, 0235, 0005, 0.08945, 0.00000, 0.0000000
15965391, 0xAAAA, 0236, 0006, 0.08945, 0.00000, 0.0000000
15968518, 0xAAAA, 0237, 0006, 0.08945, 0.00000, 0.0000000
15971642, 0xAAAA, 0238, 0007, 0.09026, 0.00000, 0.0000000
15974782, 0xAAAA, 0239, 0007, 0.09026, 0.00000, 0.0000000
15977901, 0xAAAA, 0240, 0007, 0.09026, 0.00000, 0.0000000
15981053, 0xAAAA, 0241, 0007, 0.08945, 0.00000, 0.0000000
15984250, 0xAAAA, 0242, 0006, 0.08945, 0.00000, 0.0000000
15987271, 0xAAAA, 0243, 0006, 0.08945, 0.00000, 0.0000000
15990395, 0xAAAA, 0244, 0005, 0.08945, 0.00000, 0.0000000
15993533, 0xAAAA, 0245, 0005, 0.08945, 0.00000, 0.0000000
15996645, 0xAAAA, 0246, 0004, 0.09026, 0.00000, 0.0000000
15999770, 0xAAAA, 0247, 0004, 0.08945, 0.00000, 0.0000000
16002908, 0xAAAA, 0248, 0003, 0.08945, 0.00000, 0.0000000
16006040, 0xAAAA, 0249, 0003, 0.08945, 0.00000, 0.0000000
16009238, 0xAAAA, 0250, 0002, 0.08945, 0.00000, 0.0000000
16012282, 0xAAAA, 0251, 0002, 0.08945, 0.00000, 0.0000000
16015409, 0xAAAA, 0252, 0001, 0.08864, 0.00000, 0.0000000
16018516, 0xAAAA, 0253, 0001, 0.08864, 0.00000, 0.0000000
16021642, 0xAAAA, 0254, 0000, 0.08864, 0.00000, 0.0000000
16024767, 0xAAAA, 0255, 0000, 0.08864, 0.00000, 0.0000000
16027891, 0xAAAA, 0256, 0000, 0.08381, 0.00000, 0.0000000
16031036, 0xAAAA, 0257, 0000, 0.08703, 0.00000, 0.0000000
16034237, 0xAAAA, 0258, 0001, 0.08623, 0.00000, 0.0000000
16037268, 0xAAAA, 0259, 0001, 0.08381, 0.00000, 0.0000000
16040392, 0xAAAA, 0260, 0002, 0.09026, 0.00000, 0.0000000
16043522, 0xAAAA, 0261, 0002, 0.08864, 0.00000, 0.0000000
16046672, 0xAAAA, 0262, 0003, 0.08864, 0.00000, 0.0000000
16049783, 0xAAAA, 0263, 0003, 0.08945, 0.00000, 0.0000000
16052893, 0xAAAA, 0264, 0004, 0.08945, 0.00000, 0.0000000
16056077, 0xAAAA, 0265, 0004, 0.08945, 0.00000, 0.0000000
16059238, 0xAAAA, 0266, 0005, 0.08945, 0.00000, 0.0000000
16062271, 0xAAAA, 0267, 0005, 0.08945, 0.00000, 0.0000000
16065410, 0xAAAA, 0268, 0006, 0.08945, 0.00000, 0.0000000
16068521, 0xAAAA, 0269, 0006, 0.08945, 0.00000, 0.0000000
16071645, 0xAAAA, 0270, 0007, 0.09026, 0.00000, 0.0000000
16074782, 0xAAAA, 0271, 0007, 0.09026, 0.00000, 0.0000000
16077902, 0xAAAA, 0272, 0007, 0.09026, 0.00000, 0.0000000
16081052, 0xAAAA, 0273, 0007, 0.09026, 0.00000, 0.0000000
16084237, 0xAAAA, 0274, 0006, 0.08945, 0.00000, 0.0000000
16087267, 0xAAAA, 0275, 0006, 0.09026, 0.00000, 0.0000000
16090392, 0xAAAA, 0276, 0005, 0.09026, 0.00322, 0.0000000
16093527, 0xAAAA, 0277, 0005, 0.09026, 0.00000, 0.0000000
16096641, 0xAAAA, 0278, 0004, 0.09026, 0.00000, 0.0000000
16099766, 0xAAAA, 0279, 0004, 0.08945, 0.00081, 0.0000000
16102892, 0xAAAA, 0280, 0003, 0.08945, 0.00081, 0.0000000
16106037, 0xAAAA, 0281, 0003, 0.08945, 0.00081, 0.0000000
16109234, 0xAAAA, 0282, 0002, 0.08864, 0.00000, 0.0000000
16112284, 0xAAAA, 0283, 0002, 0.08945, 0.00000, 0.0000000
16115409, 0xAAAA, 0284, 0001, 0.08864, 0.00000, 0.0000000
16118549, 0xAAAA, 0285, 0001, 0.08864, 0.00000, 0.0000000
16121645, 0xAAAA, 0286, 0000, 0.08945, 0.00000, 0.0000000
16124770, 0xAAAA, 0287, 0000, 0.08462, 0.00000, 0.0000000
16127908, 0xAAAA, 0288, 0000, 0.08381, 0.00000, 0.0000000
16131040, 0xAAAA, 0289, 0000, 0.08381, 0.00000, 0.0000000
16134236, 0xAAAA, 0290, 0001, 0.08462, 0.00000, 0.0000000
16137286, 0xAAAA, 0291, 0001, 0.08462, 0.00000, 0.0000000
16140395, 0xAAAA, 0292, 0002, 0.08864, 0.00000, 0.0000000
16143524, 0xAAAA, 0293, 0002, 0.08864, 0.00000, 0.0000000
16146669, 0xAAAA, 0294, 0003, 0.08945, 0.00000, 0.0000000
16149766, 0xAAAA, 0295, 0003, 0.08864, 0.00081, 0.0000000
16152890, 0xAAAA, 0296, 0004, 0.08945, 0.00000, 0.0000000
16156072, 0xAAAA, 0297, 0004, 0.08945, 0.00000, 0.0000000
16159238, 0xAAAA, 0298, 0005, 0.08945, 0.00000, 0.0000000
16162267, 0xAAAA, 0299, 0005, 0.08945, 0.00081, 0.0000000
16165404, 0xAAAA, 0300, 0006, 0.08945, 0.00081, 0.0000000
16168518, 0xAAAA, 0301, 0006, 0.08945, 0.00000, 0.0000000
16171641, 0xAAAA, 0302, 0007, 0.09026, 0.00000, 0.0000000
16174767, 0xAAAA, 0303, 0007, 0.08945, 0.00000, 0.0000000
16177902, 0xAAAA, 0304, 0007, 0.08945, 0.00000, 0.0000000
16181053, 0xAAAA, 0305, 0007, 0.08945, 0.00000, 0.0000000
16184237, 0xAAAA, 0306, 0006, 0.09026, 0.00000, 0.0000000
16187271, 0xAAAA, 0307, 0006, 0.09026, 0.00000, 0.0000000
16190412, 0xAAAA, 0308, 0005, 0.08945, 0.00000, 0.0000000
16193520, 0xAAAA, 0309, 0005, 0.08945, 0.00000, 0.0000000
16196645, 0xAAAA, 0310, 0004, 0.08945, 0.00000, 0.0000000
16199770, 0xAAAA, 0311, 0004, 0.08945, 0.00000, 0.0000000
16202895, 0xAAAA, 0312, 0003, 0.08945, 0.00000, 0.0000000
16206040, 0xAAAA, 0313, 0003, 0.08945, 0.00000, 0.0000000
16209241, 0xAAAA, 0314, 0002, 0.08945, 0.00000, 0.0000000
16212283, 0xAAAA, 0315, 0002, 0.08945, 0.00000, 0.0000000
16215408, 0xAAAA, 0316, 0001, 0.08945, 0.00000, 0.0000000
16218546, 0xAAAA, 0317, 0001, 0.08945, 0.00000, 0.0000000
16221641, 0xAAAA, 0318, 0000, 0.08864, 0.00000, 0.0000000
16224766, 0xAAAA, 0319, 0000, 0.08864, 0.00000, 0.0000000
16227907, 0xAAAA, 0320, 0000, 0.08381, 0.00000, 0.0000000
16231036, 0xAAAA, 0321, 0000, 0.08381, 0.00000, 0.0000000
16234236, 0xAAAA, 0322, 0001, 0.08381, 0.00000, 0.0000000
16237280, 0xAAAA, 0323, 0001, 0.08381, 0.00081, 0.0000000
16240391, 0xAAAA, 0324, 0002, 0.08784, 0.00000, 0.0000000
16243524, 0xAAAA, 0325, 0002, 0.08784, 0.00000, 0.0000000
16246658, 0xAAAA, 0326, 0003, 0.08945, 0.00000, 0.0000000
16249783, 0xAAAA, 0327, 0003, 0.08945, 0.00000, 0.0000000
16252893, 0xAAAA, 0328, 0004, 0.08945, 0.00322, 0.0000000
16256070, 0xAAAA, 0329, 0004, 0.08945, 0.00000, 0.0000000
16259238, 0xAAAA, 0330, 0005, 0.08945, 0.00000, 0.0000000
16262271, 0xAAAA, 0331, 0005, 0.08945, 0.00000, 0.0000000
16265395, 0xAAAA, 0332, 0006, 0.08945, 0.00000, 0.0000000
16268520, 0xAAAA, 0333, 0006, 0.09026, 0.00000, 0.0000000
16271645, 0xAAAA, 0334, 0007, 0.08945, 0.00000, 0.0000000
16274770, 0xAAAA, 0335, 0007, 0.09026, 0.00000, 0.0000000
16277904, 0xAAAA, 0336, 0007, 0.08945, 0.00000, 0.0000000
16281078, 0xAAAA, 0337, 0007, 0.09026, 0.00000, 0.0000000
16284237, 0xAAAA, 0338, 0006, 0.09026, 0.00000, 0.0000000
16287267, 0xAAAA, 0339, 0006, 0.08945, 0.00000, 0.0000000
16290404, 0xAAAA, 0340, 0005, 0.08945, 0.00000, 0.0000000
16293516, 0xAAAA, 0341, 0005, 0.08945, 0.00000, 0.0000000
16296642, 0xAAAA, 0342, 0004, 0.08945, 0.00000, 0.0000000
16299782, 0xAAAA, 0343, 0004, 0.08945, 0.00000, 0.0000000
16302891, 0xAAAA, 0344, 0003, 0.08945, 0.00000, 0.0000000
16306037, 0xAAAA, 0345, 0003, 0.08945, 0.00000, 0.0000000
16309237, 0xAAAA, 0346, 0002, 0.08945, 0.00000, 0.0000000
16312284, 0xAAAA, 0347, 0002, 0.08945, 0.00000, 0.0000000
16315408, 0xAAAA, 0348, 0001, 0.08945, 0.00000, 0.0000000
16318520, 0xAAAA, 0349, 0001, 0.08864, 0.00000, 0.0000000
16321644, 0xAAAA, 0350, 0000, 0.08864, 0.00000, 0.0000000
16324770, 0xAAAA, 0351, 0000, 0.08784, 0.00000, 0.0000000
16327906, 0xAAAA, 0352, 0000, 0.08462, 0.00000, 0.0000000
16331039, 0xAAAA, 0353, 0000, 0.08381, 0.00000, 0.0000000
16334252, 0xAAAA, 0354, 0001, 0.08462, 0.00000, 0.0000000
16337270, 0xAAAA, 0355, 0001, 0.08864, 0.00000, 0.0000000
16340395, 0xAAAA, 0356, 0002, 0.08864, 0.00000, 0.0000000
16343525, 0xAAAA, 0357, 0002, 0.08864, 0.00000, 0.0000000
16346658, 0xAAAA, 0358, 0003, 0.08864, 0.00000, 0.0000000
16349767, 0xAAAA, 0359, 0003, 0.08864, 0.00000, 0.0000000
16352905, 0xAAAA, 0360, 0004, 0.08945, 0.00000, 0.0000000
16356035, 0xAAAA, 0361, 0004, 0.08945, 0.00000, 0.0000000
16359238, 0xAAAA, 0362, 0005, 0.08945, 0.00000, 0.0000000
16362267, 0xAAAA, 0363, 0005, 0.08945, 0.00000, 0.0000000
16365392, 0xAAAA, 0364, 0006, 0.08945, 0.00000, 0.0000000
16368517, 0xAAAA, 0365, 0006, 0.08945, 0.00000, 0.0000000
16371658, 0xAAAA, 0366, 0007, 0.08945, 0.00000, 0.0000000
16374767, 0xAAAA, 0367, 0007, 0.09026, 0.00000, 0.0000000
16377904, 0xAAAA, 0368, 0007, 0.09026, 0.00161, 0.0000000
16381074, 0xAAAA, 0369, 0007, 0.09026, 0.00000, 0.0000000
16384237, 0xAAAA, 0370, 0006, 0.08945, 0.00000, 0.0000000
16387270, 0xAAAA, 0371, 0006, 0.09026, 0.00000, 0.0000000
16390409, 0xAAAA, 0372, 0005, 0.09026, 0.00000, 0.0000000
16393520, 0xAAAA, 0373, 0005, 0.08945, 0.00000, 0.0000000
16396645, 0xAAAA, 0374, 0004, 0.08945, 0.00000, 0.0000000
16399783, 0xAAAA, 0375, 0004, 0.08945, 0.00000, 0.0000000
16402895, 0xAAAA, 0376, 0003, 0.08945, 0.00000, 0.0000000
16406041, 0xAAAA, 0377, 0003, 0.08945, 0.00000, 0.0000000
16409225, 0xAAAA, 0378, 0002, 0.08945, 0.00000, 0.0000000
16412283, 0xAAAA, 0379, 0002, 0.08864, 0.00000, 0.0000000
16415391, 0xAAAA, 0380, 0001, 0.08945, 0.00322, 0.0000000
16418516, 0xAAAA, 0381, 0001, 0.08864, 0.00000, 0.0000000
16421641, 0xAAAA, 0382, 0000, 0.08864, 0.00000, 0.0000000
16424782, 0xAAAA, 0383, 0000, 0.08864, 0.00000, 0.0000000
16427891, 0xAAAA, 0384, 0000, 0.08300, 0.00000, 0.0000000
16431035, 0xAAAA, 0385, 0000, 0.08542, 0.00000, 0.0000000
16434249, 0xAAAA, 0386, 0001, 0.08300, 0.00000, 0.0000000
16437266, 0xAAAA, 0387, 0001, 0.08542, 0.00000, 0.0000000
16440392, 0xAAAA, 0388, 0002, 0.08784, 0.00000, 0.0000000
16443541, 0xAAAA, 0389, 0002, 0.09026, 0.00000, 0.0000000
16446658, 0xAAAA, 0390, 0003, 0.08945, 0.00000, 0.0000000
16449770, 0xAAAA, 0391, 0003, 0.08864, 0.00000, 0.0000000
16452906, 0xAAAA, 0392, 0004, 0.08945, 0.00000, 0.0000000
16456039, 0xAAAA, 0393, 0004, 0.08945, 0.00000, 0.0000000
16459238, 0xAAAA, 0394, 0005, 0.08945, 0.00000, 0.0000000
16462284, 0xAAAA, 0395, 0005, 0.08945, 0.00000, 0.0000000
16465395, 0xAAAA, 0396, 0006, 0.08945, 0.00000, 0.0000000
16468520, 0xAAAA, 0397, 0006, 0.09026, 0.00000, 0.0000000
16471657, 0xAAAA, 0398, 0007, 0.09026, 0.00000, 0.0000000
16474770, 0xAAAA, 0399, 0007, 0.09026, 0.00000, 0.0000000
16477905, 0xAAAA, 0400, 0007, 0.08945, 0.00000, 0.0000000
16481052, 0xAAAA, 0401, 0007, 0.08945, 0.00000, 0.0000000
16484237, 0xAAAA, 0402, 0006, 0.09026, 0.00000, 0.0000000
16487267, 0xAAAA, 0403, 0006, 0.09026, 0.00242, 0.0000000
16490402, 0xAAAA, 0404, 0005, 0.09106, 0.00000, 0.0000000
16493517, 0xAAAA, 0405, 0005, 0.08945, 0.00000, 0.0000000
16496641, 0xAAAA, 0406, 0004, 0.08945, 0.00000, 0.0000000
16499767, 0xAAAA, 0407, 0004, 0.08945, 0.00000, 0.0000000
16502892, 0xAAAA, 0408, 0003, 0.08945, 0.00000, 0.0000000
16506037, 0xAAAA, 0409, 0003, 0.08945, 0.00000, 0.0000000
16509225, 0xAAAA, 0410, 0002, 0.08945, 0.00000, 0.0000000
16512284, 0xAAAA, 0411, 0002, 0.08945, 0.00000, 0.0000000
16515424, 0xAAAA, 0412, 0001, 0.08945, 0.00000, 0.0000000
16518520, 0xAAAA, 0413, 0001, 0.08864, 0.00000, 0.0000000
16521645, 0xAAAA, 0414, 0000, 0.08864, 0.00000, 0.0000000
16524782, 0xAAAA, 0415, 0000, 0.08864, 0.00000, 0.0000000
16527895, 0xAAAA, 0416, 0000, 0.08462, 0.00000, 0.0000000
16531039, 0xAAAA, 0417, 0000, 0.08381, 0.00000, 0.0000000
16534255, 0xAAAA, 0418, 0001, 0.08381, 0.00000, 0.0000000
16537271, 0xAAAA, 0419, 0001, 0.08864, 0.00000, 0.0000000
16540395, 0xAAAA, 0420, 0002, 0.08864, 0.00000, 0.0000000
16543541, 0xAAAA, 0421, 0002, 0.08864, 0.00000, 0.0000000
16546658, 0xAAAA, 0422, 0003, 0.08864, 0.00000, 0.0000000
16549767, 0xAAAA, 0423, 0003, 0.08864, 0.00000, 0.0000000
16552891, 0xAAAA, 0424, 0004, 0.08945, 0.00000, 0.0000000
16556036, 0xAAAA, 0425, 0004, 0.08945, 0.00000, 0.0000000
16559238, 0xAAAA, 0426, 0005, 0.09106, 0.00000, 0.0000000
16562277, 0xAAAA, 0427, 0005, 0.08945, 0.00000, 0.0000000
16565391, 0xAAAA, 0428, 0006, 0.08945, 0.00000, 0.0000000
16568517, 0xAAAA, 0429, 0006, 0.08945, 0.00000, 0.0000000
16571642, 0xAAAA, 0430, 0007, 0.08945, 0.00000, 0.0000000
16574768, 0xAAAA, 0431, 0007, 0.08945, 0.00000, 0.0000000
16577908, 0xAAAA, 0432, 0007, 0.08945, 0.00322, 0.0000000
16581052, 0xAAAA, 0433, 0007, 0.09026, 0.00000, 0.0000000
16584237, 0xAAAA, 0434, 0006, 0.08945, 0.00000, 0.0000000
16587286, 0xAAAA, 0435, 0006, 0.09026, 0.00000, 0.0000000
16590395, 0xAAAA, 0436, 0005, 0.09026, 0.00000, 0.0000000
16593520, 0xAAAA, 0437, 0005, 0.08945, 0.00000, 0.0000000
16596645, 0xAAAA, 0438, 0004, 0.08945, 0.00000, 0.0000000
16599770, 0xAAAA, 0439, 0004, 0.08945, 0.00000, 0.0000000
16602896, 0xAAAA, 0440, 0003, 0.08864, 0.00000, 0.0000000
16606058, 0xAAAA, 0441, 0003, 0.08864, 0.00081, 0.0000000
16609226, 0xAAAA, 0442, 0002, 0.08945, 0.00000, 0.0000000
16612284, 0xAAAA, 0443, 0002, 0.09106, 0.00000, 0.0000000
16615420, 0xAAAA, 0444, 0001, 0.08864, 0.00000, 0.0000000
16618516, 0xAAAA, 0445, 0001, 0.08945, 0.00081, 0.0000000
16621641, 0xAAAA, 0446, 0000, 0.08864, 0.00081, 0.0000000
16624781, 0xAAAA, 0447, 0000, 0.08381, 0.00000, 0.0000000
16627891, 0xAAAA, 0448, 0000, 0.08542, 0.00000, 0.0000000
16631036, 0xAAAA, 0449, 0000, 0.08542, 0.00000, 0.0000000
16634252, 0xAAAA, 0450, 0001, 0.08623, 0.00000, 0.0000000
16637267, 0xAAAA, 0451, 0001, 0.08381, 0.00081, 0.0000000
16640392, 0xAAAA, 0452, 0002, 0.08784, 0.00081, 0.0000000
16643528, 0xAAAA, 0453, 0002, 0.08864, 0.00000, 0.0000000
16646658, 0xAAAA, 0454, 0003, 0.08945, 0.00000, 0.0000000
16649770, 0xAAAA, 0455, 0003, 0.08945, 0.00242, 0.0000000
16652893, 0xAAAA, 0456, 0004, 0.08945, 0.00000, 0.0000000
16656039, 0xAAAA, 0457, 0004, 0.08945, 0.00081, 0.0000000
16659253, 0xAAAA, 0458, 0005, 0.09026, 0.00081, 0.0000000
16662270, 0xAAAA, 0459, 0005, 0.08945, 0.00081, 0.0000000
16665395, 0xAAAA, 0460, 0006, 0.09026, 0.00000, 0.0000000
16668521, 0xAAAA, 0461, 0006, 0.08945, 0.00081, 0.0000000
16671646, 0xAAAA, 0462, 0007, 0.09026, 0.00000, 0.0000000
16674770, 0xAAAA, 0463, 0007, 0.09026, 0.00081, 0.0000000
16677923, 0xAAAA, 0464, 0007, 0.09026, 0.00081, 0.0000000
16681052, 0xAAAA, 0465, 0007, 0.08945, 0.00081, 0.0000000
16684237, 0xAAAA, 0466, 0006, 0.09026, 0.00000, 0.0000000
16687279, 0xAAAA, 0467, 0006, 0.08945, 0.00081, 0.0000000
16690392, 0xAAAA, 0468, 0005, 0.08945, 0.00000, 0.0000000
16693516, 0xAAAA, 0469, 0005, 0.09026, 0.00000, 0.0000000
16696657, 0xAAAA, 0470, 0004, 0.08945, 0.00000, 0.0000000
16699766, 0xAAAA, 0471, 0004, 0.08945, 0.00000, 0.0000000
16702892, 0xAAAA, 0472, 0003, 0.08945, 0.00000, 0.0000000
16706047, 0xAAAA, 0473, 0003, 0.08945, 0.00000, 0.0000000
16709226, 0xAAAA, 0474, 0002, 0.08945, 0.00000, 0.0000000
16712284, 0xAAAA, 0475, 0002, 0.08945, 0.00000, 0.0000000
16715407, 0xAAAA, 0476, 0001, 0.08945, 0.00000, 0.0000000
16718519, 0xAAAA, 0477, 0001, 0.08864, 0.00000, 0.0000000
16721644, 0xAAAA, 0478, 0000, 0.08864, 0.00000, 0.0000000
16724781, 0xAAAA, 0479, 0000, 0.08864, 0.00000, 0.0000000
16727895, 0xAAAA, 0480, 0000, 0.08381, 0.00000, 0.0000000
16731055, 0xAAAA, 0481, 0000, 0.08381, 0.00000, 0.0000000
16734237, 0xAAAA, 0482, 0001, 0.08381, 0.00000, 0.0000000
16737270, 0xAAAA, 0483, 0001, 0.08864, 0.00000, 0.0000000
16740395, 0xAAAA, 0484, 0002, 0.08864, 0.00000, 0.0000000
16743529, 0xAAAA, 0485, 0002, 0.08864, 0.00000, 0.0000000
16746658, 0xAAAA, 0486, 0003, 0.08864, 0.00000, 0.0000000
16749799, 0xAAAA, 0487, 0003, 0.08864, 0.00000, 0.0000000
16752890, 0xAAAA, 0488, 0004, 0.08945, 0.00000, 0.0000000
16756036, 0xAAAA, 0489, 0004, 0.08945, 0.00000, 0.0000000
16759250, 0xAAAA, 0490, 0005, 0.08945, 0.00000, 0.0000000
16762267, 0xAAAA, 0491, 0005, 0.08945, 0.00000, 0.0000000
16765392, 0xAAAA, 0492, 0006, 0.08945, 0.00000, 0.0000000
16768533, 0xAAAA, 0493, 0006, 0.08945, 0.00000, 0.0000000
16771642, 0xAAAA, 0494, 0007, 0.09026, 0.00000, 0.0000000
16774770, 0xAAAA, 0495, 0007, 0.08945, 0.00000, 0.0000000
16777918, 0xAAAA, 0496, 0007, 0.09026, 0.00000, 0.0000000
16781053, 0xAAAA, 0497, 0007, 0.08945, 0.00000, 0.0000000
16784237, 0xAAAA, 0498, 0006, 0.08945, 0.00000, 0.0000000
16787278, 0xAAAA, 0499, 0006, 0.09026, 0.00000, 0.0000000
16790395, 0xAAAA, 0500, 0005, 0.08945, 0.00000, 0.0000000
16793520, 0xAAAA, 0501, 0005, 0.08945, 0.00000, 0.0000000
16796657, 0xAAAA, 0502, 0004, 0.08945, 0.00000, 0.0000000
16799770, 0xAAAA, 0503, 0004, 0.08945, 0.00000, 0.0000000
16802895, 0xAAAA, 0504, 0003, 0.08945, 0.00000, 0.0000000
16806040, 0xAAAA, 0505, 0003, 0.08945, 0.00000, 0.0000000
16809228, 0xAAAA, 0506, 0002, 0.08945, 0.00000, 0.0000000
16812284, 0xAAAA, 0507, 0002, 0.08864, 0.00322, 0.0000000
16815391, 0xAAAA, 0508, 0001, 0.08864, 0.00000, 0.0000000
16818516, 0xAAAA, 0509, 0001, 0.08864, 0.00000, 0.0000000
16821657, 0xAAAA, 0510, 0000, 0.08864, 0.00000, 0.0000000
16824767, 0xAAAA, 0511, 0000, 0.08462, 0.00000, 0.0000000
16827892, 0xAAAA, 0512, 0000, 0.08381, 0.00000, 0.0000000
16831049, 0xAAAA, 0513, 0000, 0.08381, 0.00000, 0.0000000
16834236, 0xAAAA, 0514, 0001, 0.08381, 0.00000, 0.0000000
16837267, 0xAAAA, 0515, 0001, 0.08300, 0.00000, 0.0000000
16840408, 0xAAAA, 0516, 0002, 0.08945, 0.00000, 0.0000000
16843529, 0xAAAA, 0517, 0002, 0.09026, 0.00000, 0.0000000
16846658, 0xAAAA, 0518, 0003, 0.08945, 0.00000, 0.0000000
16849796, 0xAAAA, 0519, 0003, 0.08945, 0.00000, 0.0000000
16852894, 0xAAAA, 0520, 0004, 0.08945, 0.00000, 0.0000000
16856039, 0xAAAA, 0521, 0004, 0.08945, 0.00000, 0.0000000
16859249, 0xAAAA, 0522, 0005, 0.08945, 0.00000, 0.0000000
16862271, 0xAAAA, 0523, 0005, 0.09106, 0.00000, 0.0000000
16865395, 0xAAAA, 0524, 0006, 0.08945, 0.00000, 0.0000000
16868533, 0xAAAA, 0525, 0006, 0.08945, 0.00000, 0.0000000
16871646, 0xAAAA, 0526, 0007, 0.08945, 0.00000, 0.0000000
16874771, 0xAAAA, 0527, 0007, 0.08945, 0.00000, 0.0000000
16877907, 0xAAAA, 0528, 0007, 0.09026, 0.00000, 0.0000000
16881052, 0xAAAA, 0529, 0007, 0.08945, 0.00000, 0.0000000
16884237, 0xAAAA, 0530, 0006, 0.09026, 0.00000, 0.0000000
16887272, 0xAAAA, 0531, 0006, 0.09026, 0.00081, 0.0000000
16890391, 0xAAAA, 0532, 0005, 0.08945, 0.00000, 0.0000000
16893516, 0xAAAA, 0533, 0005, 0.08945, 0.00000, 0.0000000
16896640, 0xAAAA, 0534, 0004, 0.08945, 0.00000, 0.0000000
16899767, 0xAAAA, 0535, 0004, 0.08945, 0.00161, 0.0000000
16902891, 0xAAAA, 0536, 0003, 0.08945, 0.00000, 0.0000000
16906037, 0xAAAA, 0537, 0003, 0.08945, 0.00000, 0.0000000
16909228, 0xAAAA, 0538, 0002, 0.08945, 0.00000, 0.0000000
16912299, 0xAAAA, 0539, 0002, 0.08945, 0.00000, 0.0000000
16915395, 0xAAAA, 0540, 0001, 0.08945, 0.00000, 0.0000000
16918519, 0xAAAA, 0541, 0001, 0.08864, 0.00000, 0.0000000
16921657, 0xAAAA, 0542, 0000, 0.08864, 0.00000, 0.0000000
16924770, 0xAAAA, 0543, 0000, 0.08945, 0.00000, 0.0000000
16927895, 0xAAAA, 0544, 0000, 0.08462, 0.00000, 0.0000000
16931053, 0xAAAA, 0545, 0000, 0.08381, 0.00000, 0.0000000
16934236, 0xAAAA, 0546, 0001, 0.08381, 0.00000, 0.0000000
16937270, 0xAAAA, 0547, 0001, 0.08784, 0.00000, 0.0000000
16940408, 0xAAAA, 0548, 0002, 0.08864, 0.00000, 0.0000000
16943531, 0xAAAA, 0549, 0002, 0.08864, 0.00000, 0.0000000
16946658, 0xAAAA, 0550, 0003, 0.08945, 0.00161, 0.0000000
16949766, 0xAAAA, 0551, 0003, 0.08945, 0.00000, 0.0000000
16952890, 0xAAAA, 0552, 0004, 0.08864, 0.00000, 0.0000000
16956036, 0xAAAA, 0553, 0004, 0.08945, 0.00322, 0.0000000
16959248, 0xAAAA, 0554, 0005, 0.08945, 0.00000, 0.0000000
16962269, 0xAAAA, 0555, 0005, 0.08945, 0.00000, 0.0000000
16965392, 0xAAAA, 0556, 0006, 0.08945, 0.00000, 0.0000000
16968517, 0xAAAA, 0557, 0006, 0.08945, 0.00000, 0.0000000
16971642, 0xAAAA, 0558, 0007, 0.08945, 0.00000, 0.0000000
16974772, 0xAAAA, 0559, 0007, 0.09026, 0.00000, 0.0000000
16977908, 0xAAAA, 0560, 0007, 0.09026, 0.00000, 0.0000000
16981053, 0xAAAA, 0561, 0007, 0.08945, 0.00000, 0.0000000
16984253, 0xAAAA, 0562, 0006, 0.09026, 0.00000, 0.0000000
16987270, 0xAAAA, 0563, 0006, 0.08945, 0.00000, 0.0000000
16990396, 0xAAAA, 0564, 0005, 0.08945, 0.00000, 0.0000000
16993520, 0xAAAA, 0565, 0005, 0.08945, 0.00000, 0.0000000
16996645, 0xAAAA, 0566, 0004, 0.08945, 0.00000, 0.0000000
16999771, 0xAAAA, 0567, 0004, 0.08945, 0.00000, 0.0000000
17002912, 0xAAAA, 0568, 0003, 0.08945, 0.00000, 0.0000000
17006040, 0xAAAA, 0569, 0003, 0.08945, 0.00000, 0.0000000
17009230, 0xAAAA, 0570, 0002, 0.08945, 0.00000, 0.0000000
17012295, 0xAAAA, 0571, 0002, 0.08945, 0.00000, 0.0000000
17015391, 0xAAAA, 0572, 0001, 0.08864, 0.00000, 0.0000000
17018516, 0xAAAA, 0573, 0001, 0.08945, 0.00000, 0.0000000
17021654, 0xAAAA, 0574, 0000, 0.08864, 0.00000, 0.0000000
17024766, 0xAAAA, 0575, 0000, 0.08462, 0.00000, 0.0000000
17027892, 0xAAAA, 0576, 0000, 0.08300, 0.00000, 0.0000000
17031047, 0xAAAA, 0577, 0000, 0.08542, 0.00000, 0.0000000
17034237, 0xAAAA, 0578, 0001, 0.08542, 0.00000, 0.0000000
17037267, 0xAAAA, 0579, 0001, 0.08542, 0.00000, 0.0000000
17040394, 0xAAAA, 0580, 0002, 0.08784, 0.00000, 0.0000000
17043530, 0xAAAA, 0581, 0002, 0.09026, 0.00000, 0.0000000
17046658, 0xAAAA, 0582, 0003, 0.08864, 0.00242, 0.0000000
17049769, 0xAAAA, 0583, 0003, 0.08945, 0.00000, 0.0000000
17052893, 0xAAAA, 0584, 0004, 0.09026, 0.00000, 0.0000000
17056080, 0xAAAA, 0585, 0004, 0.08945, 0.00000, 0.0000000
17059238, 0xAAAA, 0586, 0005, 0.08945, 0.00000, 0.0000000
17062271, 0xAAAA, 0587, 0005, 0.08945, 0.00000, 0.0000000
17065396, 0xAAAA, 0588, 0006, 0.08945, 0.00000, 0.0000000
17068521, 0xAAAA, 0589, 0006, 0.09106, 0.00000, 0.0000000
17071645, 0xAAAA, 0590, 0007, 0.08945, 0.00000, 0.0000000
17074787, 0xAAAA, 0591, 0007, 0.08945, 0.00000, 0.0000000
17077908, 0xAAAA, 0592, 0007, 0.08945, 0.00000, 0.0000000
17081052, 0xAAAA, 0593, 0007, 0.08945, 0.00000, 0.0000000
17084250, 0xAAAA, 0594, 0006, 0.08945, 0.00000, 0.0000000
17087266, 0xAAAA, 0595, 0006, 0.09026, 0.00000, 0.0000000
17090391, 0xAAAA, 0596, 0005, 0.08945, 0.00000, 0.0000000
17093532, 0xAAAA, 0597, 0005, 0.09026, 0.00000, 0.0000000
17096641, 0xAAAA, 0598, 0004, 0.09026, 0.00081, 0.0000000
17099767, 0xAAAA, 0599, 0004, 0.08945, 0.00081, 0.0000000
17102903, 0xAAAA, 0600, 0003, 0.08945, 0.00000, 0.0000000
17106037, 0xAAAA, 0601, 0003, 0.08864, 0.00081, 0.0000000
17109246, 0xAAAA, 0602, 0002, 0.08864, 0.00000, 0.0000000
17112283, 0xAAAA, 0603, 0002, 0.08864, 0.00000, 0.0000000
17115395, 0xAAAA, 0604, 0001, 0.08864, 0.00000, 0.0000000
17118520, 0xAAAA, 0605, 0001, 0.08864, 0.00161, 0.0000000
17121655, 0xAAAA, 0606, 0000, 0.08864, 0.00000, 0.0000000
17124770, 0xAAAA, 0607, 0000, 0.08864, 0.00000, 0.0000000
17127895, 0xAAAA, 0608, 0000, 0.08381, 0.00000, 0.0000000
17131039, 0xAAAA, 0609, 0000, 0.08462, 0.00081, 0.0000000
17134236, 0xAAAA, 0610, 0001, 0.08462, 0.00081, 0.0000000
17137271, 0xAAAA, 0611, 0001, 0.08542, 0.00000, 0.0000000
17140395, 0xAAAA, 0612, 0002, 0.08864, 0.00000, 0.0000000
17143533, 0xAAAA, 0613, 0002, 0.08784, 0.00081, 0.0000000
17146673, 0xAAAA, 0614, 0003, 0.08945, 0.00081, 0.0000000
17149766, 0xAAAA, 0615, 0003, 0.08945, 0.00000, 0.0000000
17152890, 0xAAAA, 0616, 0004, 0.08945, 0.00000, 0.0000000
17156049, 0xAAAA, 0617, 0004, 0.08864, 0.00081, 0.0000000
17159237, 0xAAAA, 0618, 0005, 0.08945, 0.00000, 0.0000000
17162268, 0xAAAA, 0619, 0005, 0.08945, 0.00000, 0.0000000
17165407, 0xAAAA, 0620, 0006, 0.08945, 0.00000, 0.0000000
17168517, 0xAAAA, 0621, 0006, 0.08945, 0.00000, 0.0000000
17171641, 0xAAAA, 0622, 0007, 0.08945, 0.00000, 0.0000000
17174785, 0xAAAA, 0623, 0007, 0.08945, 0.00000, 0.0000000
17177908, 0xAAAA, 0624, 0007, 0.09026, 0.00000, 0.0000000
17181053, 0xAAAA, 0625, 0007, 0.08945, 0.00000, 0.0000000
17184237, 0xAAAA, 0626, 0006, 0.08945, 0.00000, 0.0000000
17187271, 0xAAAA, 0627, 0006, 0.08945, 0.00000, 0.0000000
17190396, 0xAAAA, 0628, 0005, 0.08945, 0.00322, 0.0000000
17193532, 0xAAAA, 0629, 0005, 0.08945, 0.00000, 0.0000000
17196644, 0xAAAA, 0630, 0004, 0.08945, 0.00000, 0.0000000
17199770, 0xAAAA, 0631, 0004, 0.08945, 0.00000, 0.0000000
17202895, 0xAAAA, 0632, 0003, 0.08945, 0.00000, 0.0000000
17206039, 0xAAAA, 0633, 0003, 0.08945, 0.00000, 0.0000000
17209244, 0xAAAA, 0634, 0002, 0.08945, 0.00000, 0.0000000
17212283, 0xAAAA, 0635, 0002, 0.08945, 0.00000, 0.0000000
17215391, 0xAAAA, 0636, 0001, 0.08945, 0.00161, 0.0000000
17218532, 0xAAAA, 0637, 0001, 0.08945, 0.00000, 0.0000000
17221642, 0xAAAA, 0638, 0000, 0.08864, 0.00000, 0.0000000
17224766, 0xAAAA, 0639, 0000, 0.08462, 0.00000, 0.0000000
17227892, 0xAAAA, 0640, 0000, 0.08381, 0.00000, 0.0000000
17231036, 0xAAAA, 0641, 0000, 0.08381, 0.00000, 0.0000000
17234219, 0xAAAA, 0642, 0001, 0.08381, 0.00000, 0.0000000
17237283, 0xAAAA, 0643, 0001, 0.08300, 0.00000, 0.0000000
17240396, 0xAAAA, 0644, 0002, 0.09106, 0.00000, 0.0000000
17243533, 0xAAAA, 0645, 0002, 0.08864, 0.00000, 0.0000000
17246669, 0xAAAA, 0646, 0003, 0.08945, 0.00000, 0.0000000
17249770, 0xAAAA, 0647, 0003, 0.08945, 0.00000, 0.0000000
17252893, 0xAAAA, 0648, 0004, 0.08945, 0.00000, 0.0000000
17256051, 0xAAAA, 0649, 0004, 0.08945, 0.00000, 0.0000000
17259238, 0xAAAA, 0650, 0005, 0.08945, 0.00000, 0.0000000
17262271, 0xAAAA, 0651, 0005, 0.08945, 0.00000, 0.0000000
17265408, 0xAAAA, 0652, 0006, 0.08945, 0.00000, 0.0000000
17268520, 0xAAAA, 0653, 0006, 0.08945, 0.00000, 0.0000000
17271645, 0xAAAA, 0654, 0007, 0.08945, 0.00000, 0.0000000
17274774, 0xAAAA, 0655, 0007, 0.08945, 0.00000, 0.0000000
17277909, 0xAAAA, 0656, 0007, 0.09026, 0.00000, 0.0000000
17281052, 0xAAAA, 0657, 0007, 0.08945, 0.00000, 0.0000000
17284237, 0xAAAA, 0658, 0006, 0.08945, 0.00000, 0.0000000
17287266, 0xAAAA, 0659, 0006, 0.09026, 0.00000, 0.0000000
17290408, 0xAAAA, 0660, 0005, 0.08945, 0.00000, 0.0000000
17293516, 0xAAAA, 0661, 0005, 0.08945, 0.00000, 0.0000000
17296641, 0xAAAA, 0662, 0004, 0.09187, 0.00000, 0.0000000
17299766, 0xAAAA, 0663, 0004, 0.08945, 0.00000, 0.0000000
17302891, 0xAAAA, 0664, 0003, 0.08945, 0.00000, 0.0000000
17306037, 0xAAAA, 0665, 0003, 0.08945, 0.00000, 0.0000000
17309250, 0xAAAA, 0666, 0002, 0.08945, 0.00000, 0.0000000
17312283, 0xAAAA, 0667, 0002, 0.08945, 0.00000, 0.0000000
17315395, 0xAAAA, 0668, 0001, 0.08945, 0.00000, 0.0000000
17318531, 0xAAAA, 0669, 0001, 0.08945, 0.00000, 0.0000000
17321645, 0xAAAA, 0670, 0000, 0.08864, 0.00000, 0.0000000
17324770, 0xAAAA, 0671, 0000, 0.08864, 0.00000, 0.0000000
17327910, 0xAAAA, 0672, 0000, 0.08462, 0.00000, 0.0000000
17331040, 0xAAAA, 0673, 0000, 0.08381, 0.00000, 0.0000000
17334222, 0xAAAA, 0674, 0001, 0.08381, 0.00000, 0.0000000
17337283, 0xAAAA, 0675, 0001, 0.08381, 0.00000, 0.0000000
17340397, 0xAAAA, 0676, 0002, 0.08864, 0.00000, 0.0000000
17343533, 0xAAAA, 0677, 0002, 0.08864, 0.00000, 0.0000000
17346658, 0xAAAA, 0678, 0003, 0.08945, 0.00000, 0.0000000
17349766, 0xAAAA, 0679, 0003, 0.08945, 0.00000, 0.0000000
17352890, 0xAAAA, 0680, 0004, 0.08945, 0.00242, 0.0000000
17356045, 0xAAAA, 0681, 0004, 0.08945, 0.00000, 0.0000000
17359237, 0xAAAA, 0682, 0005, 0.08945, 0.00000, 0.0000000
17362267, 0xAAAA, 0683, 0005, 0.08945, 0.00000, 0.0000000
17365392, 0xAAAA, 0684, 0006, 0.08945, 0.00000, 0.0000000
17368516, 0xAAAA, 0685, 0006, 0.08945, 0.00000, 0.0000000
17371642, 0xAAAA, 0686, 0007, 0.08945, 0.00000, 0.0000000
17374776, 0xAAAA, 0687, 0007, 0.08945, 0.00000, 0.0000000
17377908, 0xAAAA, 0688, 0007, 0.08945, 0.00000, 0.0000000
17381082, 0xAAAA, 0689, 0007, 0.08945, 0.00000, 0.0000000
17384237, 0xAAAA, 0690, 0006, 0.08945, 0.00000, 0.0000000
17387270, 0xAAAA, 0691, 0006, 0.08945, 0.00000, 0.0000000
17390408, 0xAAAA, 0692, 0005, 0.08945, 0.00000, 0.0000000
17393520, 0xAAAA, 0693, 0005, 0.09026, 0.00000, 0.0000000
17396643, 0xAAAA, 0694, 0004, 0.08945, 0.00000, 0.0000000
17399785, 0xAAAA, 0695, 0004, 0.08945, 0.00000, 0.0000000
17402895, 0xAAAA, 0696, 0003, 0.08945, 0.00000, 0.0000000
17406040, 0xAAAA, 0697, 0003, 0.08945, 0.00000, 0.0000000
17409247, 0xAAAA, 0698, 0002, 0.08945, 0.00000, 0.0000000
17412284, 0xAAAA, 0699, 0002, 0.08945, 0.00000, 0.0000000
17415391, 0xAAAA, 0700, 0001, 0.08945, 0.00000, 0.0000000
17418519, 0xAAAA, 0701, 0001, 0.08864, 0.00000, 0.0000000
17421642, 0xAAAA, 0702, 0000, 0.08864, 0.00000, 0.0000000
17424767, 0xAAAA, 0703, 0000, 0.08703, 0.00000, 0.0000000
17427903, 0xAAAA, 0704, 0000, 0.08300, 0.00000, 0.0000000
17431037, 0xAAAA, 0705, 0000, 0.08300, 0.00000, 0.0000000
17434252, 0xAAAA, 0706, 0001, 0.08300, 0.00000, 0.0000000
17437268, 0xAAAA, 0707, 0001, 0.08784, 0.00000, 0.0000000
17440398, 0xAAAA, 0708, 0002, 0.08784, 0.00081, 0.0000000
17443533, 0xAAAA, 0709, 0002, 0.08945, 0.00000, 0.0000000
17446658, 0xAAAA, 0710, 0003, 0.08864, 0.00000, 0.0000000
17449770, 0xAAAA, 0711, 0003, 0.08864, 0.00000, 0.0000000
17452909, 0xAAAA, 0712, 0004, 0.08945, 0.00000, 0.0000000
17456039, 0xAAAA, 0713, 0004, 0.08945, 0.00000, 0.0000000
17459237, 0xAAAA, 0714, 0005, 0.08945, 0.00000, 0.0000000
17462271, 0xAAAA, 0715, 0005, 0.08945, 0.00000, 0.0000000
17465396, 0xAAAA, 0716, 0006, 0.08945, 0.00000, 0.0000000
17468520, 0xAAAA, 0717, 0006, 0.08945, 0.00000, 0.0000000
17471661, 0xAAAA, 0718, 0007, 0.08945, 0.00000, 0.0000000
17474776, 0xAAAA, 0719, 0007, 0.08945, 0.00000, 0.0000000
17477908, 0xAAAA, 0720, 0007, 0.08945, 0.00000, 0.0000000
17481077, 0xAAAA, 0721, 0007, 0.08945, 0.00000, 0.0000000
17484237, 0xAAAA, 0722, 0006, 0.08945, 0.00000, 0.0000000
17487266, 0xAAAA, 0723, 0006, 0.09026, 0.00000, 0.0000000
17490406, 0xAAAA, 0724, 0005, 0.08945, 0.00000, 0.0000000
17493517, 0xAAAA, 0725, 0005, 0.08945, 0.00000, 0.0000000
17496642, 0xAAAA, 0726, 0004, 0.08945, 0.00000, 0.0000000
17499780, 0xAAAA, 0727, 0004, 0.08945, 0.00000, 0.0000000
17502892, 0xAAAA, 0728, 0003, 0.08945, 0.00000, 0.0000000
17506037, 0xAAAA, 0729, 0003, 0.08945, 0.00000, 0.0000000
17509234, 0xAAAA, 0730, 0002, 0.08945, 0.00000, 0.0000000
17512284, 0xAAAA, 0731, 0002, 0.08864, 0.00000, 0.0000000
17515395, 0xAAAA, 0732, 0001, 0.08945, 0.00000, 0.0000000
17518521, 0xAAAA, 0733, 0001, 0.08945, 0.00000, 0.0000000
17521646, 0xAAAA, 0734, 0000, 0.08864, 0.00000, 0.0000000
17524786, 0xAAAA, 0735, 0000, 0.08864, 0.00000, 0.0000000
17527895, 0xAAAA, 0736, 0000, 0.08462, 0.00000, 0.0000000
17531040, 0xAAAA, 0737, 0000, 0.08542, 0.00000, 0.0000000
17534248, 0xAAAA, 0738, 0001, 0.08381, 0.00000, 0.0000000
17537271, 0xAAAA, 0739, 0001, 0.08381, 0.00000, 0.0000000
17540397, 0xAAAA, 0740, 0002, 0.08864, 0.00000, 0.0000000
17543549, 0xAAAA, 0741, 0002, 0.08864, 0.00000, 0.0000000
17546642, 0xAAAA, 0742, 0003, 0.08945, 0.00000, 0.0000000
17549766, 0xAAAA, 0743, 0003, 0.08945, 0.00000, 0.0000000
17552903, 0xAAAA, 0744, 0004, 0.08945, 0.00000, 0.0000000
17556035, 0xAAAA, 0745, 0004, 0.08945, 0.00000, 0.0000000
17559237, 0xAAAA, 0746, 0005, 0.08945, 0.00000, 0.0000000
17562283, 0xAAAA, 0747, 0005, 0.08945, 0.00000, 0.0000000
17565392, 0xAAAA, 0748, 0006, 0.08945, 0.00000, 0.0000000
17568517, 0xAAAA, 0749, 0006, 0.08945, 0.00000, 0.0000000
17571653, 0xAAAA, 0750, 0007, 0.08945, 0.00000, 0.0000000
17574776, 0xAAAA, 0751, 0007, 0.08945, 0.00000, 0.0000000
17577908, 0xAAAA, 0752, 0007, 0.08945, 0.00000, 0.0000000
17581052, 0xAAAA, 0753, 0007, 0.08945, 0.00000, 0.0000000
17584237, 0xAAAA, 0754, 0006, 0.08945, 0.00000, 0.0000000
17587270, 0xAAAA, 0755, 0006, 0.09026, 0.00242, 0.0000000
17590407, 0xAAAA, 0756, 0005, 0.08945, 0.00000, 0.0000000
17593520, 0xAAAA, 0757, 0005, 0.08945, 0.00000, 0.0000000
17596644, 0xAAAA, 0758, 0004, 0.08945, 0.00000, 0.0000000
17599771, 0xAAAA, 0759, 0004, 0.08945, 0.00081, 0.0000000
17602895, 0xAAAA, 0760, 0003, 0.08945, 0.00081, 0.0000000
17606039, 0xAAAA, 0761, 0003, 0.09026, 0.00000, 0.0000000
17609238, 0xAAAA, 0762, 0002, 0.08864, 0.00000, 0.0000000
17612285, 0xAAAA, 0763, 0002, 0.08864, 0.00000, 0.0000000
17615424, 0xAAAA, 0764, 0001, 0.08864, 0.00000, 0.0000000
17618516, 0xAAAA, 0765, 0001, 0.08784, 0.00081, 0.0000000
17621642, 0xAAAA, 0766, 0000, 0.08864, 0.00000, 0.0000000
17624766, 0xAAAA, 0767, 0000, 0.08864, 0.00000, 0.0000000
17627891, 0xAAAA, 0768, 0000, 0.08462, 0.00000, 0.0000000
17631037, 0xAAAA, 0769, 0000, 0.08300, 0.00000, 0.0000000
17634254, 0xAAAA, 0770, 0001, 0.08542, 0.00000, 0.0000000
17637268, 0xAAAA, 0771, 0001, 0.08784, 0.00081, 0.0000000
17640399, 0xAAAA, 0772, 0002, 0.08945, 0.00000, 0.0000000
17643545, 0xAAAA, 0773, 0002, 0.08784, 0.00000, 0.0000000
17646657, 0xAAAA, 0774, 0003, 0.09026, 0.00000, 0.0000000
17649769, 0xAAAA, 0775, 0003, 0.08864, 0.00000, 0.0000000
17652903, 0xAAAA, 0776, 0004, 0.08945, 0.00000, 0.0000000
17656039, 0xAAAA, 0777, 0004, 0.08864, 0.00081, 0.0000000
17659237, 0xAAAA, 0778, 0005, 0.08864, 0.00000, 0.0000000
17662283, 0xAAAA, 0779, 0005, 0.08945, 0.00000, 0.0000000
17665396, 0xAAAA, 0780, 0006, 0.08945, 0.00000, 0.0000000
17668520, 0xAAAA, 0781, 0006, 0.08945, 0.00000, 0.0000000
17671645, 0xAAAA, 0782, 0007, 0.08945, 0.00000, 0.0000000
17674778, 0xAAAA, 0783, 0007, 0.09026, 0.00000, 0.0000000
17677908, 0xAAAA, 0784, 0007, 0.09026, 0.00000, 0.0000000
17681052, 0xAAAA, 0785, 0007, 0.09106, 0.00000, 0.0000000
17684238, 0xAAAA, 0786, 0006, 0.08945, 0.00081, 0.0000000
17687283, 0xAAAA, 0787, 0006, 0.08945, 0.00000, 0.0000000
17690391, 0xAAAA, 0788, 0005, 0.08945, 0.00081, 0.0000000
17693516, 0xAAAA, 0789, 0005, 0.08945, 0.00000, 0.0000000
17696642, 0xAAAA, 0790, 0004, 0.08945, 0.00000, 0.0000000
17699768, 0xAAAA, 0791, 0004, 0.08945, 0.00000, 0.0000000
17702892, 0xAAAA, 0792, 0003, 0.08945, 0.00000, 0.0000000
17706054, 0xAAAA, 0793, 0003, 0.08945, 0.00000, 0.0000000
17709238, 0xAAAA, 0794, 0002, 0.08945, 0.00000, 0.0000000
17712284, 0xAAAA, 0795, 0002, 0.09106, 0.00000, 0.0000000
17715421, 0xAAAA, 0796, 0001, 0.08864, 0.00000, 0.0000000
17718519, 0xAAAA, 0797, 0001, 0.08945, 0.00000, 0.0000000
17721645, 0xAAAA, 0798, 0000, 0.08864, 0.00000, 0.0000000
17724784, 0xAAAA, 0799, 0000, 0.08381, 0.00000, 0.0000000
17727895, 0xAAAA, 0800, 0000, 0.08381, 0.00000, 0.0000000
17731039, 0xAAAA, 0801, 0000, 0.08462, 0.00000, 0.0000000
17734252, 0xAAAA, 0802, 0001, 0.08381, 0.00000, 0.0000000
17737270, 0xAAAA, 0803, 0001, 0.08381, 0.00000, 0.0000000
17740400, 0xAAAA, 0804, 0002, 0.08864, 0.00000, 0.0000000
17743533, 0xAAAA, 0805, 0002, 0.08864, 0.00000, 0.0000000
17746642, 0xAAAA, 0806, 0003, 0.08864, 0.00000, 0.0000000
17749766, 0xAAAA, 0807, 0003, 0.09026, 0.00242, 0.0000000
17752897, 0xAAAA, 0808, 0004, 0.08945, 0.00000, 0.0000000
17756035, 0xAAAA, 0809, 0004, 0.08945, 0.00000, 0.0000000
17759253, 0xAAAA, 0810, 0005, 0.09106, 0.00000, 0.0000000
17762267, 0xAAAA, 0811, 0005, 0.08945, 0.00000, 0.0000000
17765392, 0xAAAA, 0812, 0006, 0.08945, 0.00000, 0.0000000
17768517, 0xAAAA, 0813, 0006, 0.08945, 0.00484, 0.0000000
17771642, 0xAAAA, 0814, 0007, 0.09026, 0.00000, 0.0000000
17774778, 0xAAAA, 0815, 0007, 0.08945, 0.00000, 0.0000000
17777924, 0xAAAA, 0816, 0007, 0.08945, 0.00000, 0.0000000
17781053, 0xAAAA, 0817, 0007, 0.09026, 0.00000, 0.0000000
17784237, 0xAAAA, 0818, 0006, 0.08945, 0.00000, 0.0000000
17787284, 0xAAAA, 0819, 0006, 0.08945, 0.00000, 0.0000000
17790395, 0xAAAA, 0820, 0005, 0.08945, 0.00000, 0.0000000
17793520, 0xAAAA, 0821, 0005, 0.08945, 0.00000, 0.0000000
17796660, 0xAAAA, 0822, 0004, 0.08945, 0.00000, 0.0000000
17799771, 0xAAAA, 0823, 0004, 0.08945, 0.00000, 0.0000000
17802896, 0xAAAA, 0824, 0003, 0.08945, 0.00000, 0.0000000
17806053, 0xAAAA, 0825, 0003, 0.08945, 0.00000, 0.0000000
17809236, 0xAAAA, 0826, 0002, 0.08945, 0.00000, 0.0000000
17812283, 0xAAAA, 0827, 0002, 0.09106, 0.00000, 0.0000000
17815391, 0xAAAA, 0828, 0001, 0.08864, 0.00000, 0.0000000
17818516, 0xAAAA, 0829, 0001, 0.08864, 0.00000, 0.0000000
17821641, 0xAAAA, 0830, 0000, 0.08864, 0.00242, 0.0000000
17824777, 0xAAAA, 0831, 0000, 0.08864, 0.00000, 0.0000000
17827891, 0xAAAA, 0832, 0000, 0.08381, 0.00000, 0.0000000
17831036, 0xAAAA, 0833, 0000, 0.08381, 0.00000, 0.0000000
17834219, 0xAAAA, 0834, 0001, 0.08381, 0.00000, 0.0000000
17837267, 0xAAAA, 0835, 0001, 0.09026, 0.00000, 0.0000000
17840401, 0xAAAA, 0836, 0002, 0.08784, 0.00242, 0.0000000
17843533, 0xAAAA, 0837, 0002, 0.08784, 0.00000, 0.0000000
17846644, 0xAAAA, 0838, 0003, 0.08864, 0.00000, 0.0000000
17849798, 0xAAAA, 0839, 0003, 0.08864, 0.00000, 0.0000000
17852893, 0xAAAA, 0840, 0004, 0.08945, 0.00000, 0.0000000
17856038, 0xAAAA, 0841, 0004, 0.08945, 0.00000, 0.0000000
17859250, 0xAAAA, 0842, 0005, 0.08945, 0.00000, 0.0000000
17862270, 0xAAAA, 0843, 0005, 0.08945, 0.00000, 0.0000000
17865396, 0xAAAA, 0844, 0006, 0.08945, 0.00000, 0.0000000
17868536, 0xAAAA, 0845, 0006, 0.08945, 0.00000, 0.0000000
17871645, 0xAAAA, 0846, 0007, 0.09026, 0.00000, 0.0000000
17874779, 0xAAAA, 0847, 0007, 0.08945, 0.00000, 0.0000000
17877920, 0xAAAA, 0848, 0007, 0.09026, 0.00000, 0.0000000
17881053, 0xAAAA, 0849, 0007, 0.09026, 0.00000, 0.0000000
17884237, 0xAAAA, 0850, 0006, 0.08945, 0.00000, 0.0000000
17887282, 0xAAAA, 0851, 0006, 0.08945, 0.00000, 0.0000000
17890391, 0xAAAA, 0852, 0005, 0.09026, 0.00000, 0.0000000
17893515, 0xAAAA, 0853, 0005, 0.08945, 0.00000, 0.0000000
17896653, 0xAAAA, 0854, 0004, 0.08945, 0.00000, 0.0000000
17899767, 0xAAAA, 0855, 0004, 0.08945, 0.00000, 0.0000000
17902892, 0xAAAA, 0856, 0003, 0.08945, 0.00000, 0.0000000
17906040, 0xAAAA, 0857, 0003, 0.08864, 0.00000, 0.0000000
17909237, 0xAAAA, 0858, 0002, 0.08945, 0.00000, 0.0000000
17912284, 0xAAAA, 0859, 0002, 0.08864, 0.00000, 0.0000000
17915395, 0xAAAA, 0860, 0001, 0.08864, 0.00000, 0.0000000
17918519, 0xAAAA, 0861, 0001, 0.08864, 0.00000, 0.0000000
17921660, 0xAAAA, 0862, 0000, 0.08864, 0.00000, 0.0000000
17924770, 0xAAAA, 0863, 0000, 0.08381, 0.00000, 0.0000000
17927894, 0xAAAA, 0864, 0000, 0.08462, 0.00000, 0.0000000
17931041, 0xAAAA, 0865, 0000, 0.08381, 0.00000, 0.0000000
17934222, 0xAAAA, 0866, 0001, 0.08462, 0.00000, 0.0000000
17937271, 0xAAAA, 0867, 0001, 0.08381, 0.00000, 0.0000000
17940417, 0xAAAA, 0868, 0002, 0.08864, 0.00000, 0.0000000
17943533, 0xAAAA, 0869, 0002, 0.08864, 0.00000, 0.0000000
17946641, 0xAAAA, 0870, 0003, 0.08864, 0.00000, 0.0000000
17949778, 0xAAAA, 0871, 0003, 0.08864, 0.00000, 0.0000000
17952890, 0xAAAA, 0872, 0004, 0.08945, 0.00000, 0.0000000
17956036, 0xAAAA, 0873, 0004, 0.08945, 0.00000, 0.0000000
17959254, 0xAAAA, 0874, 0005, 0.08945, 0.00000, 0.0000000
17962267, 0xAAAA, 0875, 0005, 0.08945, 0.00000, 0.0000000
17965392, 0xAAAA, 0876, 0006, 0.08945, 0.00000, 0.0000000
17968528, 0xAAAA, 0877, 0006, 0.08945, 0.00000, 0.0000000
17971642, 0xAAAA, 0878, 0007, 0.08945, 0.00000, 0.0000000
17974780, 0xAAAA, 0879, 0007, 0.08945, 0.00000, 0.0000000
17977908, 0xAAAA, 0880, 0007, 0.08945, 0.00000, 0.0000000
17981052, 0xAAAA, 0881, 0007, 0.08945, 0.00000, 0.0000000
17984238, 0xAAAA, 0882, 0006, 0.08945, 0.00000, 0.0000000
17987282, 0xAAAA, 0883, 0006, 0.08945, 0.00000, 0.0000000
17990395, 0xAAAA, 0884, 0005, 0.09026, 0.00000, 0.0000000
17993520, 0xAAAA, 0885, 0005, 0.08945, 0.00000, 0.0000000
17996645, 0xAAAA, 0886, 0004, 0.08945, 0.00000, 0.0000000
17999771, 0xAAAA, 0887, 0004, 0.08945, 0.00000, 0.0000000
18002896, 0xAAAA, 0888, 0003, 0.08864, 0.00403, 0.0000000
18006042, 0xAAAA, 0889, 0003, 0.08945, 0.00000, 0.0000000
18009237, 0xAAAA, 0890, 0002, 0.08864, 0.00000, 0.0000000
18012299, 0xAAAA, 0891, 0002, 0.08945, 0.00081, 0.0000000
18015391, 0xAAAA, 0892, 0001, 0.08945, 0.00000, 0.0000000
18018516, 0xAAAA, 0893, 0001, 0.08864, 0.00000, 0.0000000
18021654, 0xAAAA, 0894, 0000, 0.08945, 0.00000, 0.0000000
18024766, 0xAAAA, 0895, 0000, 0.08864, 0.00000, 0.0000000
18027891, 0xAAAA, 0896, 0000, 0.08300, 0.00000, 0.0000000
18031051, 0xAAAA, 0897, 0000, 0.08381, 0.00000, 0.0000000
18034220, 0xAAAA, 0898, 0001, 0.08300, 0.00000, 0.0000000
18037268, 0xAAAA, 0899, 0001, 0.08703, 0.00000, 0.0000000
18040414, 0xAAAA, 0900, 0002, 0.08784, 0.00000, 0.0000000
18043533, 0xAAAA, 0901, 0002, 0.08784, 0.00000, 0.0000000
18046644, 0xAAAA, 0902, 0003, 0.08784, 0.00000, 0.0000000
18049770, 0xAAAA, 0903, 0003, 0.08945, 0.00000, 0.0000000
18052893, 0xAAAA, 0904, 0004, 0.08945, 0.00000, 0.0000000
18056039, 0xAAAA, 0905, 0004, 0.08945, 0.00322, 0.0000000
18059250, 0xAAAA, 0906, 0005, 0.08945, 0.00000, 0.0000000
18062271, 0xAAAA, 0907, 0005, 0.08945, 0.00000, 0.0000000
18065396, 0xAAAA, 0908, 0006, 0.08945, 0.00000, 0.0000000
18068520, 0xAAAA, 0909, 0006, 0.09026, 0.00000, 0.0000000
18071645, 0xAAAA, 0910, 0007, 0.08945, 0.00000, 0.0000000
18074780, 0xAAAA, 0911, 0007, 0.08945, 0.00000, 0.0000000
18077908, 0xAAAA, 0912, 0007, 0.08945, 0.00000, 0.0000000
18081052, 0xAAAA, 0913, 0007, 0.08945, 0.00000, 0.0000000
18084254, 0xAAAA, 0914, 0006, 0.08945, 0.00000, 0.0000000
18087267, 0xAAAA, 0915, 0006, 0.09026, 0.00000, 0.0000000
18090391, 0xAAAA, 0916, 0005, 0.08945, 0.00081, 0.0000000
18093517, 0xAAAA, 0917, 0005, 0.08945, 0.00000, 0.0000000
18096642, 0xAAAA, 0918, 0004, 0.08945, 0.00000, 0.0000000
18099767, 0xAAAA, 0919, 0004, 0.09026, 0.00000, 0.0000000
18102908, 0xAAAA, 0920, 0003, 0.08945, 0.00000, 0.0000000
18106042, 0xAAAA, 0921, 0003, 0.08864, 0.00000, 0.0000000
18109238, 0xAAAA, 0922, 0002, 0.08945, 0.00000, 0.0000000
18112295, 0xAAAA, 0923, 0002, 0.08945, 0.00000, 0.0000000
18115395, 0xAAAA, 0924, 0001, 0.08864, 0.00081, 0.0000000
18118519, 0xAAAA, 0925, 0001, 0.08864, 0.00081, 0.0000000
18121658, 0xAAAA, 0926, 0000, 0.08864, 0.00000, 0.0000000
18124770, 0xAAAA, 0927, 0000, 0.08381, 0.00000, 0.0000000
18127895, 0xAAAA, 0928, 0000, 0.08381, 0.00000, 0.0000000
18131052, 0xAAAA, 0929, 0000, 0.08462, 0.00000, 0.0000000
18134222, 0xAAAA, 0930, 0001, 0.08462, 0.00081, 0.0000000
18137271, 0xAAAA, 0931, 0001, 0.08381, 0.00000, 0.0000000
18140404, 0xAAAA, 0932, 0002, 0.08864, 0.00000, 0.0000000
18143533, 0xAAAA, 0933, 0002, 0.08945, 0.00000, 0.0000000
18146641, 0xAAAA, 0934, 0003, 0.08864, 0.00242, 0.0000000
18149766, 0xAAAA, 0935, 0003, 0.08945, 0.00081, 0.0000000
18152890, 0xAAAA, 0936, 0004, 0.09026, 0.00081, 0.0000000
18156051, 0xAAAA, 0937, 0004, 0.08864, 0.00081, 0.0000000
18159238, 0xAAAA, 0938, 0005, 0.09026, 0.00000, 0.0000000
18162268, 0xAAAA, 0939, 0005, 0.08945, 0.00000, 0.0000000
18165392, 0xAAAA, 0940, 0006, 0.09026, 0.00000, 0.0000000
18168517, 0xAAAA, 0941, 0006, 0.08945, 0.00081, 0.0000000
18171644, 0xAAAA, 0942, 0007, 0.08945, 0.00081, 0.0000000
18174796, 0xAAAA, 0943, 0007, 0.09026, 0.00081, 0.0000000
18177908, 0xAAAA, 0944, 0007, 0.08945, 0.00081, 0.0000000
18181053, 0xAAAA, 0945, 0007, 0.09026, 0.00000, 0.0000000
18184250, 0xAAAA, 0946, 0006, 0.09026, 0.00081, 0.0000000
18187271, 0xAAAA, 0947, 0006, 0.09026, 0.00000, 0.0000000
18190396, 0xAAAA, 0948, 0005, 0.08945, 0.00000, 0.0000000
18193534, 0xAAAA, 0949, 0005, 0.08945, 0.00000, 0.0000000
18196646, 0xAAAA, 0950, 0004, 0.08945, 0.00000, 0.0000000
18199770, 0xAAAA, 0951, 0004, 0.08945, 0.00000, 0.0000000
18202907, 0xAAAA, 0952, 0003, 0.08945, 0.00000, 0.0000000
18206043, 0xAAAA, 0953, 0003, 0.08945, 0.00000, 0.0000000
18209254, 0xAAAA, 0954, 0002, 0.08945, 0.00000, 0.0000000
18212266, 0xAAAA, 0955, 0002, 0.08945, 0.00000, 0.0000000
18215391, 0xAAAA, 0956, 0001, 0.08945, 0.00000, 0.0000000
18218516, 0xAAAA, 0957, 0001, 0.08864, 0.00000, 0.0000000
18221651, 0xAAAA, 0958, 0000, 0.08945, 0.00000, 0.0000000
18224766, 0xAAAA, 0959, 0000, 0.08864, 0.00000, 0.0000000
18227891, 0xAAAA, 0960, 0000, 0.08784, 0.00000, 0.0000000
18231036, 0xAAAA, 0961, 0000, 0.08542, 0.00000, 0.0000000
18234219, 0xAAAA, 0962, 0001, 0.08300, 0.00000, 0.0000000
18237269, 0xAAAA, 0963, 0001, 0.08542, 0.00000, 0.0000000
18240405, 0xAAAA, 0964, 0002, 0.09026, 0.00000, 0.0000000
18243534, 0xAAAA, 0965, 0002, 0.09026, 0.00000, 0.0000000
18246673, 0xAAAA, 0966, 0003, 0.08864, 0.00000, 0.0000000
18249770, 0xAAAA, 0967, 0003, 0.08945, 0.00000, 0.0000000
18252894, 0xAAAA, 0968, 0004, 0.08945, 0.00000, 0.0000000
18256052, 0xAAAA, 0969, 0004, 0.08945, 0.00000, 0.0000000
18259237, 0xAAAA, 0970, 0005, 0.08945, 0.00000, 0.0000000
18262270, 0xAAAA, 0971, 0005, 0.09106, 0.00000, 0.0000000
18265412, 0xAAAA, 0972, 0006, 0.08945, 0.00000, 0.0000000
18268521, 0xAAAA, 0973, 0006, 0.08945, 0.00000, 0.0000000
18271645, 0xAAAA, 0974, 0007, 0.08945, 0.00000, 0.0000000
18274794, 0xAAAA, 0975, 0007, 0.09026, 0.00000, 0.0000000
18277908, 0xAAAA, 0976, 0007, 0.09026, 0.00000, 0.0000000
18281052, 0xAAAA, 0977, 0007, 0.08945, 0.00000, 0.0000000
18284243, 0xAAAA, 0978, 0006, 0.08945, 0.00000, 0.0000000
18287267, 0xAAAA, 0979, 0006, 0.08945, 0.00000, 0.0000000
18290391, 0xAAAA, 0980, 0005, 0.08945, 0.00000, 0.0000000
18293528, 0xAAAA, 0981, 0005, 0.08945, 0.00000, 0.0000000
18296641, 0xAAAA, 0982, 0004, 0.09187, 0.00000, 0.0000000
18299767, 0xAAAA, 0983, 0004, 0.08945, 0.00000, 0.0000000
18302891, 0xAAAA, 0984, 0003, 0.08945, 0.00000, 0.0000000
18306043, 0xAAAA, 0985, 0003, 0.08945, 0.00000, 0.0000000
18309249, 0xAAAA, 0986, 0002, 0.08945, 0.00000, 0.0000000
18312283, 0xAAAA, 0987, 0002, 0.08945, 0.00000, 0.0000000
18315395, 0xAAAA, 0988, 0001, 0.08864, 0.00000, 0.0000000
18318535, 0xAAAA, 0989, 0001, 0.08945, 0.00000, 0.0000000
18321645, 0xAAAA, 0990, 0000, 0.08864, 0.00000, 0.0000000
18324770, 0xAAAA, 0991, 0000, 0.08462, 0.00000, 0.0000000
18327895, 0xAAAA, 0992, 0000, 0.08381, 0.00000, 0.0000000
18331040, 0xAAAA, 0993, 0000, 0.08381, 0.00000, 0.0000000
18334223, 0xAAAA, 0994, 0001, 0.08381, 0.00000, 0.0000000
18337286, 0xAAAA, 0995, 0001, 0.08381, 0.00161, 0.0000000
18340405, 0xAAAA, 0996, 0002, 0.08864, 0.00000, 0.0000000
18343532, 0xAAAA, 0997, 0002, 0.08864, 0.00000, 0.0000000
18346671, 0xAAAA, 0998, 0003, 0.08864, 0.00000, 0.0000000
18349766, 0xAAAA, 0999, 0003, 0.08945, 0.00000, 0.0000000
18352890, 0xAAAA, 1000, 0004, 0.08864, 0.00000, 0.0000000
18356049, 0xAAAA, 1001, 0004, 0.08945, 0.00000, 0.0000000
18359237, 0xAAAA, 1002, 0005, 0.08945, 0.00000, 0.0000000
18362268, 0xAAAA, 1003, 0005, 0.08945, 0.00000, 0.0000000
18365405, 0xAAAA, 1004, 0006, 0.08945, 0.00000, 0.0000000
18368517, 0xAAAA, 1005, 0006, 0.08945, 0.00000, 0.0000000
18371645, 0xAAAA, 1006, 0007, 0.08945, 0.00000, 0.0000000
18374782, 0xAAAA, 1007, 0007, 0.08945, 0.00000, 0.0000000
18377908, 0xAAAA, 1008, 0007, 0.08945, 0.00000, 0.0000000
18381053, 0xAAAA, 1009, 0007, 0.08945, 0.00242, 0.0000000
18384241, 0xAAAA, 1010, 0006, 0.08945, 0.00000, 0.0000000
18387271, 0xAAAA, 1011, 0006, 0.08945, 0.00000, 0.0000000
18390411, 0xAAAA, 1012, 0005, 0.08945, 0.00000, 0.0000000
18393519, 0xAAAA, 1013, 0005, 0.08945, 0.00000, 0.0000000
18396645, 0xAAAA, 1014, 0004, 0.08945, 0.00000, 0.0000000
18399770, 0xAAAA, 1015, 0004, 0.08945, 0.00000, 0.0000000
18402895, 0xAAAA, 1016, 0003, 0.08945, 0.00000, 0.0000000
18406045, 0xAAAA, 1017, 0003, 0.08945, 0.00000, 0.0000000
18409255, 0xAAAA, 1018, 0002, 0.08945, 0.00000, 0.0000000
18412267, 0xAAAA, 1019, 0002, 0.08945, 0.00000, 0.0000000
18415391, 0xAAAA, 1020, 0001, 0.08945, 0.00000, 0.0000000
18418529, 0xAAAA, 1021, 0001, 0.08864, 0.00000, 0.0000000
18421641, 0xAAAA, 1022, 0000, 0.08864, 0.00000, 0.0000000
18424766, 0xAAAA, 1023, 0000, 0.08864, 0.00000, 0.0000000
18427907, 0xAAAA, 1024, 0000, 0.08300, 0.00000, 0.0000000
18431037, 0xAAAA, 1025, 0000, 0.08381, 0.00000, 0.0000000
18434220, 0xAAAA, 1026, 0001, 0.08381, 0.00242, 0.0000000
18437281, 0xAAAA, 1027, 0001, 0.08381, 0.00000, 0.0000000
18440406, 0xAAAA, 1028, 0002, 0.08784, 0.00000, 0.0000000
18443534, 0xAAAA, 1029, 0002, 0.09026, 0.00000, 0.0000000
18446644, 0xAAAA, 1030, 0003, 0.08945, 0.00000, 0.0000000
18449769, 0xAAAA, 1031, 0003, 0.08945, 0.00000, 0.0000000
18452894, 0xAAAA, 1032, 0004, 0.08945, 0.00242, 0.0000000
18456050, 0xAAAA, 1033, 0004, 0.08945, 0.00000, 0.0000000
18459238, 0xAAAA, 1034, 0005, 0.08945, 0.00000, 0.0000000
18462271, 0xAAAA, 1035, 0005, 0.08945, 0.00000, 0.0000000
18465395, 0xAAAA, 1036, 0006, 0.08945, 0.00000, 0.0000000
18468520, 0xAAAA, 1037, 0006, 0.08945, 0.00000, 0.0000000
18471647, 0xAAAA, 1038, 0007, 0.08945, 0.00000, 0.0000000
18474783, 0xAAAA, 1039, 0007, 0.08945, 0.00000, 0.0000000
18477891, 0xAAAA, 1040, 0007, 0.08945, 0.00000, 0.0000000
18481079, 0xAAAA, 1041, 0007, 0.08945, 0.00000, 0.0000000
18484237, 0xAAAA, 1042, 0006, 0.08945, 0.00000, 0.0000000
18487267, 0xAAAA, 1043, 0006, 0.08945, 0.00000, 0.0000000
18490392, 0xAAAA, 1044, 0005, 0.08945, 0.00000, 0.0000000
18493516, 0xAAAA, 1045, 0005, 0.08945, 0.00000, 0.0000000
18496643, 0xAAAA, 1046, 0004, 0.08945, 0.00000, 0.0000000
18499783, 0xAAAA, 1047, 0004, 0.08945, 0.00000, 0.0000000
18502892, 0xAAAA, 1048, 0003, 0.08945, 0.00000, 0.0000000
18506045, 0xAAAA, 1049, 0003, 0.08945, 0.00000, 0.0000000
18509251, 0xAAAA, 1050, 0002, 0.08945, 0.00000, 0.0000000
18512271, 0xAAAA, 1051, 0002, 0.08945, 0.00000, 0.0000000
18515395, 0xAAAA, 1052, 0001, 0.08864, 0.00000, 0.0000000
18518532, 0xAAAA, 1053, 0001, 0.08864, 0.00000, 0.0000000
18521645, 0xAAAA, 1054, 0000, 0.08864, 0.00000, 0.0000000
18524770, 0xAAAA, 1055, 0000, 0.08623, 0.00000, 0.0000000
18527907, 0xAAAA, 1056, 0000, 0.08381, 0.00000, 0.0000000
18531040, 0xAAAA, 1057, 0000, 0.08381, 0.00000, 0.0000000
18534251, 0xAAAA, 1058, 0001, 0.08381, 0.00000, 0.0000000
18537269, 0xAAAA, 1059, 0001, 0.08864, 0.00000, 0.0000000
18540407, 0xAAAA, 1060, 0002, 0.08864, 0.00000, 0.0000000
18543532, 0xAAAA, 1061, 0002, 0.08945, 0.00000, 0.0000000
18546641, 0xAAAA, 1062, 0003, 0.08864, 0.00000, 0.0000000
18549766, 0xAAAA, 1063, 0003, 0.08945, 0.00000, 0.0000000
18552907, 0xAAAA, 1064, 0004, 0.09026, 0.00000, 0.0000000
18556036, 0xAAAA, 1065, 0004, 0.08945, 0.00000, 0.0000000
18559237, 0xAAAA, 1066, 0005, 0.08945, 0.00000, 0.0000000
18562268, 0xAAAA, 1067, 0005, 0.08945, 0.00000, 0.0000000
18565392, 0xAAAA, 1068, 0006, 0.08945, 0.00000, 0.0000000
18568517, 0xAAAA, 1069, 0006, 0.08945, 0.00081, 0.0000000
18571663, 0xAAAA, 1070, 0007, 0.08945, 0.00000, 0.0000000
18574782, 0xAAAA, 1071, 0007, 0.08945, 0.00000, 0.0000000
18577908, 0xAAAA, 1072, 0007, 0.08945, 0.00000, 0.0000000
18581077, 0xAAAA, 1073, 0007, 0.08945, 0.00000, 0.0000000
18584236, 0xAAAA, 1074, 0006, 0.08945, 0.00000, 0.0000000
18587271, 0xAAAA, 1075, 0006, 0.08945, 0.00000, 0.0000000
18590409, 0xAAAA, 1076, 0005, 0.08945, 0.00000, 0.0000000
18593520, 0xAAAA, 1077, 0005, 0.08945, 0.00000, 0.0000000
18596646, 0xAAAA, 1078, 0004, 0.09026, 0.00000, 0.0000000
18599784, 0xAAAA, 1079, 0004, 0.08945, 0.00000, 0.0000000
18602895, 0xAAAA, 1080, 0003, 0.09026, 0.00081, 0.0000000
18606047, 0xAAAA, 1081, 0003, 0.08945, 0.00000, 0.0000000
18609237, 0xAAAA, 1082, 0002, 0.08864, 0.00000, 0.0000000
18612267, 0xAAAA, 1083, 0002, 0.08864, 0.00081, 0.0000000
18615391, 0xAAAA, 1084, 0001, 0.08864, 0.00000, 0.0000000
18618527, 0xAAAA, 1085, 0001, 0.08864, 0.00000, 0.0000000
18621640, 0xAAAA, 1086, 0000, 0.08864, 0.00081, 0.0000000
18624767, 0xAAAA, 1087, 0000, 0.08864, 0.00000, 0.0000000
18627891, 0xAAAA, 1088, 0000, 0.08300, 0.00081, 0.0000000
18631037, 0xAAAA, 1089, 0000, 0.08300, 0.00000, 0.0000000
18634231, 0xAAAA, 1090, 0001, 0.08381, 0.00081, 0.0000000
18637271, 0xAAAA, 1091, 0001, 0.08300, 0.00000, 0.0000000
18640409, 0xAAAA, 1092, 0002, 0.08784, 0.00000, 0.0000000
18643549, 0xAAAA, 1093, 0002, 0.08945, 0.00081, 0.0000000
18646644, 0xAAAA, 1094, 0003, 0.08864, 0.00081, 0.0000000
18649769, 0xAAAA, 1095, 0003, 0.08864, 0.00081, 0.0000000
18652907, 0xAAAA, 1096, 0004, 0.08864, 0.00000, 0.0000000
18656039, 0xAAAA, 1097, 0004, 0.08945, 0.00000, 0.0000000
18659238, 0xAAAA, 1098, 0005, 0.09106, 0.00000, 0.0000000
18662285, 0xAAAA, 1099, 0005, 0.08945, 0.00000, 0.0000000
18665395, 0xAAAA, 1100, 0006, 0.08945, 0.00000, 0.0000000
18668520, 0xAAAA, 1101, 0006, 0.08945, 0.00000, 0.0000000
18671661, 0xAAAA, 1102, 0007, 0.08945, 0.00000, 0.0000000
18674783, 0xAAAA, 1103, 0007, 0.08945, 0.00081, 0.0000000
18677892, 0xAAAA, 1104, 0007, 0.08945, 0.00081, 0.0000000
18681053, 0xAAAA, 1105, 0007, 0.08945, 0.00000, 0.0000000
18684237, 0xAAAA, 1106, 0006, 0.08945, 0.00000, 0.0000000
18687267, 0xAAAA, 1107, 0006, 0.09026, 0.00000, 0.0000000
18690402, 0xAAAA, 1108, 0005, 0.08945, 0.00000, 0.0000000
18693517, 0xAAAA, 1109, 0005, 0.09026, 0.00000, 0.0000000
18696642, 0xAAAA, 1110, 0004, 0.08945, 0.00000, 0.0000000
18699767, 0xAAAA, 1111, 0004, 0.08945, 0.00000, 0.0000000
18702892, 0xAAAA, 1112, 0003, 0.08945, 0.00000, 0.0000000
18706046, 0xAAAA, 1113, 0003, 0.08945, 0.00000, 0.0000000
18709238, 0xAAAA, 1114, 0002, 0.08945, 0.00000, 0.0000000
18712271, 0xAAAA, 1115, 0002, 0.08864, 0.00000, 0.0000000
18715423, 0xAAAA, 1116, 0001, 0.08864, 0.00000, 0.0000000
18718520, 0xAAAA, 1117, 0001, 0.08864, 0.00000, 0.0000000
18721645, 0xAAAA, 1118, 0000, 0.08864, 0.00000, 0.0000000
18724770, 0xAAAA, 1119, 0000, 0.08864, 0.00000, 0.0000000
18727895, 0xAAAA, 1120, 0000, 0.08381, 0.00000, 0.0000000
18731040, 0xAAAA, 1121, 0000, 0.08381, 0.00000, 0.0000000
18734254, 0xAAAA, 1122, 0001, 0.08381, 0.00000, 0.0000000
18737272, 0xAAAA, 1123, 0001, 0.08864, 0.00000, 0.0000000
18740409, 0xAAAA, 1124, 0002, 0.08864, 0.00000, 0.0000000
18743545, 0xAAAA, 1125, 0002, 0.09026, 0.00000, 0.0000000
18746641, 0xAAAA, 1126, 0003, 0.08945, 0.00000, 0.0000000
18749766, 0xAAAA, 1127, 0003, 0.08864, 0.00000, 0.0000000
18752905, 0xAAAA, 1128, 0004, 0.08945, 0.00000, 0.0000000
18756036, 0xAAAA, 1129, 0004, 0.08945, 0.00000, 0.0000000
18759237, 0xAAAA, 1130, 0005, 0.08945, 0.00322, 0.0000000
18762280, 0xAAAA, 1131, 0005, 0.08945, 0.00000, 0.0000000
18765391, 0xAAAA, 1132, 0006, 0.08945, 0.00000, 0.0000000
18768517, 0xAAAA, 1133, 0006, 0.08945, 0.00000, 0.0000000
18771649, 0xAAAA, 1134, 0007, 0.08945, 0.00000, 0.0000000
18774783, 0xAAAA, 1135, 0007, 0.08945, 0.00000, 0.0000000
18777908, 0xAAAA, 1136, 0007, 0.08945, 0.00000, 0.0000000
18781052, 0xAAAA, 1137, 0007, 0.08945, 0.00000, 0.0000000
18784236, 0xAAAA, 1138, 0006, 0.08945, 0.00000, 0.0000000
18787287, 0xAAAA, 1139, 0006, 0.08945, 0.00000, 0.0000000
18790395, 0xAAAA, 1140, 0005, 0.08945, 0.00000, 0.0000000
18793520, 0xAAAA, 1141, 0005, 0.08945, 0.00000, 0.0000000
18796645, 0xAAAA, 1142, 0004, 0.08945, 0.00000, 0.0000000
18799770, 0xAAAA, 1143, 0004, 0.09106, 0.00000, 0.0000000
18802895, 0xAAAA, 1144, 0003, 0.08945, 0.00000, 0.0000000
18806072, 0xAAAA, 1145, 0003, 0.08945, 0.00000, 0.0000000
18809238, 0xAAAA, 1146, 0002, 0.08945, 0.00000, 0.0000000
18812267, 0xAAAA, 1147, 0002, 0.09106, 0.00000, 0.0000000
18815403, 0xAAAA, 1148, 0001, 0.08864, 0.00000, 0.0000000
18818517, 0xAAAA, 1149, 0001, 0.08864, 0.00000, 0.0000000
18821641, 0xAAAA, 1150, 0000, 0.08864, 0.00000, 0.0000000
